2024-09-11 09:10:50.282686	2024-09-11 09:10:50.282691	pidref	027218562	R	rec	9433a12f-5635-409a-a2b4-89d27e3dd74f
2024-09-11 09:10:50.357674	2024-09-11 09:10:50.357679	pidref	027218856	R	rec	68ab7791-4966-4903-9f4d-e01d6e6d7070
2024-09-11 09:10:50.402837	2024-09-11 09:10:50.402842	pidref	027219224	R	rec	94e7f2ee-ff7c-46a2-b27d-79cde2809932
2024-09-11 09:10:50.445953	2024-09-11 09:10:50.445957	pidref	027219631	R	rec	08bab9cf-0a47-421b-9d1a-842f1e805a92
2024-09-11 09:10:50.492902	2024-09-11 09:10:50.492908	pidref	027220389	R	rec	09c73370-612a-41fa-b1b5-fb0027e69d4d
2024-09-11 09:10:50.544312	2024-09-11 09:10:50.544317	pidref	027222608	R	rec	373d6ae4-2117-47c8-9bde-4ed1f1d772f7
2024-09-11 09:10:50.602434	2024-09-11 09:10:50.602439	pidref	027222950	R	rec	14144098-16e3-4325-a4b9-d4e8714051f8
2024-09-11 09:10:50.64483	2024-09-11 09:10:50.644836	pidref	027223736	R	rec	4468e236-e2e0-40e0-8a8b-5e37a4f6999e
2024-09-11 09:10:50.686504	2024-09-11 09:10:50.686509	pidref	027223760	R	rec	0f28e281-9a01-4e39-b5be-378aa78dd73b
2024-09-11 09:10:50.729692	2024-09-11 09:10:50.729698	pidref	027223779	R	rec	86cd8a86-d1be-49db-bf68-f05dfc1a72f1
2024-09-11 09:10:50.770913	2024-09-11 09:10:50.770918	pidref	027224570	R	rec	88da1546-cc1e-4c58-9fbd-8523901a994a
2024-09-11 09:10:50.812739	2024-09-11 09:10:50.812744	pidref	027225399	R	rec	169e260c-1c0e-4575-b948-f91c8c929ae8
2024-09-11 09:10:50.87392	2024-09-11 09:10:50.873926	pidref	027225984	R	rec	1a4984b0-321a-4f08-bd7c-2137735edd9b
2024-09-11 09:10:50.933955	2024-09-11 09:10:50.933966	pidref	027227472	R	rec	b3064ae4-783a-4b9a-a87e-5b90cb1493b7
2024-09-11 09:10:50.996865	2024-09-11 09:10:50.996875	pidref	027227871	R	rec	37572c65-3150-42ed-a994-b9cb5fffb7e6
2024-09-11 09:10:51.056799	2024-09-11 09:10:51.056803	pidref	027228878	R	rec	d6196985-5fd3-4bc6-9206-8b5ffc8294be
2024-09-11 09:10:51.105515	2024-09-11 09:10:51.105525	pidref	027229211	R	rec	b52d4a88-fdc0-4462-8e78-970a748b5bde
2024-09-11 09:10:51.163959	2024-09-11 09:10:51.163968	pidref	027230309	R	rec	9768e48b-d21f-4b8f-bfb2-e899abf6ceef
2024-09-11 09:10:51.224455	2024-09-11 09:10:51.22446	pidref	027230422	R	rec	8f794184-a1d2-4ec0-9471-70f0f779f07c
2024-09-11 09:10:51.280952	2024-09-11 09:10:51.280963	pidref	027230430	R	rec	9c02f1b8-7893-4714-890b-f69eb54c6291
2024-09-11 09:10:51.34175	2024-09-11 09:10:51.341761	pidref	027231585	R	rec	56c2aa5f-1922-44c4-818a-e4e2945e1d2e
2024-09-11 09:10:51.410149	2024-09-11 09:10:51.410158	pidref	027234274	R	rec	8da12427-eda0-45aa-9dd4-e2090f627635
2024-09-11 09:10:51.484476	2024-09-11 09:10:51.484486	pidref	027234592	R	rec	5ed6beaa-3296-4e98-9335-c0b8ef208a1b
2024-09-11 09:10:51.542343	2024-09-11 09:10:51.542349	pidref	027235769	R	rec	b7abae76-4e27-4db6-85f2-2ecec731c7b9
2024-09-11 09:10:51.586537	2024-09-11 09:10:51.586541	pidref	027236153	R	rec	0764fbf8-dd88-4ca5-a0ff-0f55df405a48
2024-09-11 09:10:51.636492	2024-09-11 09:10:51.636501	pidref	027236668	R	rec	4af5945d-d61d-4762-bda9-e0d7e0b2b69e
2024-09-11 09:10:51.701438	2024-09-11 09:10:51.701443	pidref	027237257	R	rec	e83f03c4-0eaf-4b2f-a12f-2c88d6d54de5
2024-09-11 09:10:51.757241	2024-09-11 09:10:51.757252	pidref	027238423	R	rec	658faced-e343-4169-8ffc-6e547cdd296f
2024-09-11 09:10:51.809854	2024-09-11 09:10:51.809866	pidref	027239365	R	rec	a28e5f8f-35e3-47d6-8dcd-3f813dd9921f
2024-09-11 09:10:51.881984	2024-09-11 09:10:51.881995	pidref	027240525	R	rec	096f4bab-c52f-4a0a-9189-18f2e318ba3c
2024-09-11 09:10:51.948116	2024-09-11 09:10:51.948125	pidref	027241912	R	rec	d928f686-50d8-4cb0-8e80-5e077b454b8c
2024-09-11 09:10:52.005114	2024-09-11 09:10:52.005119	pidref	027242005	R	rec	7a6b26d1-1a3a-4f0b-a5d0-c5dd801f4c6f
2024-09-11 09:10:52.090542	2024-09-11 09:10:52.090553	pidref	027242676	R	rec	91465cf6-f1f5-494a-90c3-029a681afb38
2024-09-11 09:10:52.148281	2024-09-11 09:10:52.148292	pidref	027243265	R	rec	9c29c2e1-3311-41a6-b06d-19d4d582d9ff
2024-09-11 09:10:52.2099	2024-09-11 09:10:52.20991	pidref	02724606X	R	rec	6a8cb339-eb12-43c8-b197-abb2f888aa74
2024-09-11 09:10:52.261019	2024-09-11 09:10:52.261029	pidref	027247740	R	rec	2e194688-c63f-419e-88d7-8ee783acc264
2024-09-11 09:10:52.328089	2024-09-11 09:10:52.328099	pidref	027248704	R	rec	18665cf0-e1ea-4654-a121-a3f83d5343d2
2024-09-11 09:10:52.392906	2024-09-11 09:10:52.392916	pidref	027248933	R	rec	44dbdb93-794d-476c-8015-3581bb59aa41
2024-09-11 09:10:52.460469	2024-09-11 09:10:52.460479	pidref	027250199	R	rec	120fcaf6-76ed-4afa-b305-e16d6c9166c3
2024-09-11 09:10:52.523836	2024-09-11 09:10:52.523845	pidref	027250210	R	rec	07fec235-ce77-4bc7-a74b-20d4c7cebed5
2024-09-11 09:10:52.58587	2024-09-11 09:10:52.585875	pidref	027250245	R	rec	ad766e84-9086-41d9-af7b-38d10fa078ab
2024-09-11 09:10:52.643299	2024-09-11 09:10:52.64331	pidref	027250393	R	rec	f653bfc8-a1b7-4cc4-9393-b8f2a18c9345
2024-09-11 09:10:52.713453	2024-09-11 09:10:52.713459	pidref	027250407	R	rec	835c3b66-dea9-44e7-97f6-88980f3ff5c8
2024-09-11 09:10:52.760879	2024-09-11 09:10:52.760884	pidref	027250547	R	rec	b5dac474-b54d-457a-81c5-e64e14a583f2
2024-09-11 09:10:52.811501	2024-09-11 09:10:52.811511	pidref	027250636	R	rec	7de16cb7-a95c-47c8-8911-b81c4d95ceb4
2024-09-11 09:10:52.869294	2024-09-11 09:10:52.869298	pidref	027250695	R	rec	b2595eda-ec80-4213-be06-ee7b35754fc1
2024-09-11 09:10:52.928719	2024-09-11 09:10:52.928729	pidref	027250857	R	rec	3f3779c5-5790-47ff-871d-3050cd2451cf
2024-09-11 09:10:52.98848	2024-09-11 09:10:52.98849	pidref	027250873	R	rec	40cb13c8-bf4d-4460-be7a-7931b6eb1853
2024-09-11 09:10:53.055487	2024-09-11 09:10:53.055493	pidref	02725089X	R	rec	c4ed599d-1629-4ed7-bfb0-1a7bc1aac9fa
2024-09-11 09:10:53.10068	2024-09-11 09:10:53.100685	pidref	02725108X	R	rec	51243a7c-eb88-4288-b47f-b7a8803891c4
2024-09-11 09:10:53.161656	2024-09-11 09:10:53.161666	pidref	027251160	R	rec	adb3d047-de81-4392-8a64-990cf94c3934
2024-09-11 09:10:53.243401	2024-09-11 09:10:53.243413	pidref	027251594	R	rec	c4bd3dc7-0203-4cae-8463-dde83090cd83
2024-09-11 09:10:53.309822	2024-09-11 09:10:53.309827	pidref	027251659	R	rec	0ae25660-7830-4c18-aefc-bb31171270e3
2024-09-11 09:10:53.372799	2024-09-11 09:10:53.372805	pidref	027251810	R	rec	72d1fd79-f4b2-475a-a1c0-9238ae3485d7
2024-09-11 09:10:53.420858	2024-09-11 09:10:53.420868	pidref	027251861	R	rec	c39eded0-1e38-41d7-8983-e68c111dc0cd
2024-09-11 09:10:53.478054	2024-09-11 09:10:53.478065	pidref	027252132	R	rec	8098c027-7400-4f37-8a5b-9c1879851a10
2024-09-11 09:10:53.548243	2024-09-11 09:10:53.548253	pidref	027252175	R	rec	d5a87fc7-4424-4da6-bb42-1f5d403ce554
2024-09-11 09:10:53.599771	2024-09-11 09:10:53.599776	pidref	027252272	R	rec	507e1feb-fee9-438b-bbd0-60cbc63dcfe0
2024-09-11 09:10:53.666195	2024-09-11 09:10:53.666205	pidref	027252485	R	rec	fb10e53d-236f-4008-9976-e11fd47ce12a
2024-09-11 09:10:53.741385	2024-09-11 09:10:53.741391	pidref	027252620	R	rec	36ebcce8-e2bd-49b5-8965-4df49d4388a1
2024-09-11 09:10:53.805588	2024-09-11 09:10:53.805599	pidref	027252728	R	rec	15cfc4b3-3a76-4b47-99a1-c39cc1a20b13
2024-09-11 09:10:53.858279	2024-09-11 09:10:53.85829	pidref	027255697	R	rec	c79fd107-9887-4cc6-aec3-80ffad422ba0
2024-09-11 09:10:53.916261	2024-09-11 09:10:53.916272	pidref	027256693	R	rec	e7caccd4-9222-4fa2-a0e7-7749223092e6
2024-09-11 09:10:53.977794	2024-09-11 09:10:53.977804	pidref	027257525	R	rec	91dd8b01-9f58-4120-8f68-c112baf20fb5
2024-09-11 09:10:54.037042	2024-09-11 09:10:54.037053	pidref	027259641	R	rec	01efa89f-f016-4a5c-89e2-7f7437e5b50b
2024-09-11 09:10:54.096605	2024-09-11 09:10:54.096614	pidref	027259811	R	rec	93b50744-25d6-4636-a2e8-1ade11fb8b56
2024-09-11 09:10:54.156771	2024-09-11 09:10:54.156782	pidref	027260011	R	rec	3fac2f26-eee5-4a37-86ed-4949de961f59
2024-09-11 09:10:54.217462	2024-09-11 09:10:54.217467	pidref	02726002X	R	rec	9bdf3eed-f27f-45dc-ae69-ca84f5fe5185
2024-09-11 09:10:54.275453	2024-09-11 09:10:54.275464	pidref	027260461	R	rec	22b0c8fa-b635-44dd-8e67-285954a7f3ff
2024-09-11 09:10:54.348541	2024-09-11 09:10:54.348551	pidref	027260607	R	rec	eca6624f-89c3-45ce-af56-f829700ceb30
2024-09-11 09:10:54.422973	2024-09-11 09:10:54.422983	pidref	027261050	R	rec	02da0f4e-a8ba-42bb-9261-6d262d2d89fd
2024-09-11 09:10:54.490465	2024-09-11 09:10:54.490475	pidref	027261204	R	rec	eb7b1554-ee82-4b3c-8682-aed522b99d2a
2024-09-11 09:10:54.569907	2024-09-11 09:10:54.569912	pidref	027261336	R	rec	0aadab2f-3765-4256-8d76-5ad9fe114624
2024-09-11 09:10:54.61655	2024-09-11 09:10:54.61656	pidref	027261417	R	rec	aaf3b927-ef20-4d3a-a257-b67b3b80c640
2024-09-11 09:10:54.675535	2024-09-11 09:10:54.675546	pidref	027261530	R	rec	88000370-7a4c-4837-8a38-7eb85c65bed2
2024-09-11 09:10:54.732675	2024-09-11 09:10:54.732681	pidref	027262111	R	rec	95455b7b-1ba4-430f-8aac-1e95697b5dd5
2024-09-11 09:10:54.801811	2024-09-11 09:10:54.801822	pidref	027262464	R	rec	2694964a-97b7-401c-bc99-8fc38f97122d
2024-09-11 09:10:54.86725	2024-09-11 09:10:54.867256	pidref	027262545	R	rec	de5799c9-91f4-4fd1-bd3d-e02b1b20f4fc
2024-09-11 09:10:54.930701	2024-09-11 09:10:54.930712	pidref	027262685	R	rec	0905c41c-947d-49c7-99db-4185d0ca6271
2024-09-11 09:10:54.996648	2024-09-11 09:10:54.996659	pidref	027263053	R	rec	fd4f1507-f2a2-48d4-9945-f4b226b5c6d6
2024-09-11 09:10:55.060058	2024-09-11 09:10:55.060063	pidref	027263118	R	rec	4532355e-9492-4b4d-aed9-c346419282f8
2024-09-11 09:10:55.130376	2024-09-11 09:10:55.130382	pidref	027263193	R	rec	60f870af-bcf9-412f-9281-8f8f9e927eb9
2024-09-11 09:10:55.194772	2024-09-11 09:10:55.194777	pidref	027263495	R	rec	1727e16c-9ffe-40ed-ace5-c4351bb66700
2024-09-11 09:10:55.250832	2024-09-11 09:10:55.250842	pidref	027263746	R	rec	d4c190d5-4b9b-44e7-97de-b540792976da
2024-09-11 09:10:55.317899	2024-09-11 09:10:55.317911	pidref	027263762	R	rec	ea081e27-1349-486c-9c04-9166880ff848
2024-09-11 09:10:55.393823	2024-09-11 09:10:55.393836	pidref	027263789	R	rec	1fb41a66-5823-4113-93e2-622811045775
2024-09-11 09:10:55.463196	2024-09-11 09:10:55.463211	pidref	027263878	R	rec	a8df8b8d-c811-488a-b3a8-ca0888d2b55b
2024-09-11 09:10:55.538351	2024-09-11 09:10:55.538361	pidref	027264602	R	rec	1c4dcaa6-27f3-4152-ae49-e76712d52686
2024-09-11 09:10:55.586515	2024-09-11 09:10:55.58652	pidref	027265013	R	rec	dc9da061-16c3-4c18-bd7f-11f5b1dd4bbd
2024-09-11 09:10:55.652579	2024-09-11 09:10:55.652594	pidref	027266060	R	rec	1f4fadac-6be6-4fbe-a38b-e23190d4d776
2024-09-11 09:10:55.726247	2024-09-11 09:10:55.726252	pidref	027267873	R	rec	50f90b90-09ec-4006-856f-e3cbec3f49d6
2024-09-11 09:10:55.790463	2024-09-11 09:10:55.790474	pidref	027274241	R	rec	4a269781-fd92-40fe-8bd4-9e83486c0e90
2024-09-11 09:10:55.86281	2024-09-11 09:10:55.862821	pidref	027274365	R	rec	be135f66-a121-43e7-8ea9-093ebf5581e2
2024-09-11 09:10:55.92056	2024-09-11 09:10:55.920572	pidref	027274985	R	rec	c9f6589d-0435-497c-9b6e-d949b5237176
2024-09-11 09:10:55.990012	2024-09-11 09:10:55.990017	pidref	027275191	R	rec	e7ee7b50-b7ab-4fa4-88c8-a3d2a82c76df
2024-09-11 09:10:56.058881	2024-09-11 09:10:56.058887	pidref	027283496	R	rec	9537fec0-63d1-49fc-a3f3-f1801115fe3c
2024-09-11 09:10:56.120569	2024-09-11 09:10:56.120578	pidref	027283518	R	rec	f6f3f3bb-ab9f-4165-957d-1fd4ed770063
2024-09-11 09:10:56.192875	2024-09-11 09:10:56.19289	pidref	027286703	R	rec	d10e12ee-aaf1-4f64-9683-48c22b71329f
2024-09-11 09:10:56.259436	2024-09-11 09:10:56.259447	pidref	027286835	R	rec	df513c22-8685-49ff-9f7d-64ba53e23a29
2024-09-11 09:10:56.31757	2024-09-11 09:10:56.31758	pidref	027288951	R	rec	f35b8f5e-c224-4643-9906-e2e4e2f70bee
2024-09-11 09:10:56.389966	2024-09-11 09:10:56.389977	pidref	027290530	R	rec	7531b39e-f574-4e81-a818-7c3eb2d832a4
2024-09-11 09:10:56.455673	2024-09-11 09:10:56.455684	pidref	027291499	R	rec	58766a73-d943-4fc0-b156-10247bf0147b
2024-09-11 09:10:56.513783	2024-09-11 09:10:56.513794	pidref	027296946	R	rec	ed0518b2-cf9d-4e97-921f-764efa362997
2024-09-11 09:10:56.577064	2024-09-11 09:10:56.577069	pidref	027296970	R	rec	3e9b903e-4b46-493c-90ae-7d50ecea59f5
2024-09-11 09:10:56.638465	2024-09-11 09:10:56.63847	pidref	027297810	R	rec	328f3fcb-274a-4cbe-a5e1-39823babe20a
2024-09-11 09:10:56.7148	2024-09-11 09:10:56.714806	pidref	027298531	R	rec	ad8d0fbf-39c2-470d-b7ae-37bfc6c2d780
2024-09-11 09:10:56.772339	2024-09-11 09:10:56.772348	pidref	027298728	R	rec	de19b917-c1ca-4612-8436-96515dcbeba9
2024-09-11 09:10:56.848193	2024-09-11 09:10:56.848203	pidref	027308561	R	rec	362765e0-82db-4ba8-8f54-245b323b9056
2024-09-11 09:10:56.90953	2024-09-11 09:10:56.909541	pidref	027311058	R	rec	867ed87a-7f0e-4693-a6dd-1b2c86a0ce87
2024-09-11 09:10:56.988461	2024-09-11 09:10:56.988472	pidref	027311430	R	rec	de3fe250-43ac-48ba-a59e-4fe9f0c5e9b0
2024-09-11 09:10:57.062389	2024-09-11 09:10:57.062395	pidref	027311694	R	rec	10d4f833-0fe2-4cd1-a8d8-f228f05ab87a
2024-09-11 09:10:57.1098	2024-09-11 09:10:57.109813	pidref	027314049	R	rec	47ecd8a6-5029-44d7-b935-3089a4184952
2024-09-11 09:10:57.174765	2024-09-11 09:10:57.17478	pidref	027316696	R	rec	a9e54242-88e0-49af-ad48-c41599d3b620
2024-09-11 09:10:57.23557	2024-09-11 09:10:57.235577	pidref	027316866	R	rec	09a91ba4-7000-432a-974d-32d8165444a6
2024-09-11 09:10:57.287602	2024-09-11 09:10:57.287613	pidref	027321940	R	rec	1b70ea5c-a426-47c2-9afa-e901ffc4b70d
2024-09-11 09:10:57.358502	2024-09-11 09:10:57.358507	pidref	027323072	R	rec	f668af20-d2ba-41de-8e2c-4977e0f9b67d
2024-09-11 09:10:57.417368	2024-09-11 09:10:57.417373	pidref	027326977	R	rec	50c9a586-61be-4d0d-91f0-fe0d867dca83
2024-09-11 09:10:57.499841	2024-09-11 09:10:57.49985	pidref	027333752	R	rec	52240a42-b094-4146-9ffd-2905f7a34106
2024-09-11 09:10:57.56705	2024-09-11 09:10:57.567055	pidref	027334279	R	rec	1d12189d-b6bb-4258-b4b5-df857513b7a5
2024-09-11 09:10:57.621636	2024-09-11 09:10:57.621645	pidref	027340880	R	rec	a580de99-b2c9-4a85-a26d-af96f0f3517a
2024-09-11 09:10:57.70822	2024-09-11 09:10:57.708225	pidref	027341046	R	rec	d18e1ebd-e953-4894-a32a-e368dd6c0a83
2024-09-11 09:10:57.759193	2024-09-11 09:10:57.759202	pidref	027341879	R	rec	7be3752d-10f2-4420-923f-20b3b9ba1b0f
2024-09-11 09:10:57.826318	2024-09-11 09:10:57.826328	pidref	027345483	R	rec	ac7b615c-0fee-47a0-a133-b1b768f89387
2024-09-11 09:10:57.887088	2024-09-11 09:10:57.887097	pidref	027348695	R	rec	15d9ec1c-6483-4ab6-9fe4-678c4c3a5ce6
2024-09-11 09:10:57.955591	2024-09-11 09:10:57.9556	pidref	027349004	R	rec	4707948e-5740-4f4c-82a7-d8043dc2fec1
2024-09-11 09:10:58.019265	2024-09-11 09:10:58.019276	pidref	027350169	R	rec	f6c66811-b1c3-4f66-9939-94501db0faf8
2024-09-11 09:10:58.078671	2024-09-11 09:10:58.078676	pidref	027350843	R	rec	2af0a77b-d199-4fd8-8f5e-1e0cfb2ec405
2024-09-11 09:10:58.143702	2024-09-11 09:10:58.143708	pidref	027350991	R	rec	f690921e-c3d5-4977-b979-81bdf7f7ef95
2024-09-11 09:10:58.212165	2024-09-11 09:10:58.21217	pidref	027351076	R	rec	9a03af40-6626-4d9c-b0cf-818a69ee770d
2024-09-11 09:10:58.270727	2024-09-11 09:10:58.270732	pidref	027353990	R	rec	9233e5c7-bf87-45c6-8534-580a521a24a1
2024-09-11 09:10:58.35122	2024-09-11 09:10:58.351224	pidref	027356388	R	rec	b5f651cc-0bcf-4158-972f-fb086d3095b1
2024-09-11 09:10:58.418017	2024-09-11 09:10:58.418027	pidref	027358100	R	rec	3ebdc574-b808-4992-bcd1-1e109342070e
2024-09-11 09:10:58.487822	2024-09-11 09:10:58.487834	pidref	027358232	R	rec	31ea9086-568c-4bb0-a557-cfc60a79ffe4
2024-09-11 09:10:58.558455	2024-09-11 09:10:58.55847	pidref	027358305	R	rec	86013d7c-103a-4c92-bd20-b985fed308cf
2024-09-11 09:10:58.622472	2024-09-11 09:10:58.622483	pidref	027358321	R	rec	860e9a6e-1b92-461d-a35b-e9100b06cece
2024-09-11 09:10:58.682879	2024-09-11 09:10:58.68289	pidref	027358399	R	rec	a86f9956-a057-4543-83eb-f8d3d48d62e3
2024-09-11 09:10:58.740085	2024-09-11 09:10:58.740097	pidref	027359336	R	rec	b1bf008e-df99-4d01-9a0c-6dd929960943
2024-09-11 09:10:58.820084	2024-09-11 09:10:58.82009	pidref	027360199	R	rec	3ffee38c-238c-421b-a7cb-b21181d711e6
2024-09-11 09:10:58.890295	2024-09-11 09:10:58.8903	pidref	027360881	R	rec	ecbf87b7-9069-474a-8056-c0ee3073de6a
2024-09-11 09:10:58.960818	2024-09-11 09:10:58.960828	pidref	027366456	R	rec	7c9e8a6b-6788-4109-bccb-c5dfd2c157b8
2024-09-11 09:10:59.03516	2024-09-11 09:10:59.035165	pidref	027366936	R	rec	f59170c2-0bbf-4acd-94a1-cdedead76d85
2024-09-11 09:10:59.088246	2024-09-11 09:10:59.088256	pidref	02736819X	R	rec	d11b6982-33a0-4260-9476-b6a55912a624
2024-09-11 09:10:59.14953	2024-09-11 09:10:59.14954	pidref	027368343	R	rec	2111e23c-7646-4668-abd8-c72857517ecf
2024-09-11 09:10:59.210172	2024-09-11 09:10:59.210178	pidref	027368785	R	rec	c0a1bf4d-b427-46d3-b664-7cb04d19c2fa
2024-09-11 09:10:59.259095	2024-09-11 09:10:59.259106	pidref	027370763	R	rec	4c6a5e51-eb19-4f72-971b-d58b361ad18c
2024-09-11 09:10:59.328826	2024-09-11 09:10:59.328839	pidref	027372618	R	rec	6c3d0244-45be-4992-82a7-2a90e54e6633
2024-09-11 09:10:59.398146	2024-09-11 09:10:59.398156	pidref	027374750	R	rec	9836989d-624f-43ed-8883-75454eb9bd4f
2024-09-11 09:10:59.460036	2024-09-11 09:10:59.460048	pidref	027374831	R	rec	92c820b7-bb1b-4ced-a45c-d377b13c5277
2024-09-11 09:10:59.548949	2024-09-11 09:10:59.548955	pidref	027375080	R	rec	aad5e4a3-6584-4b3d-bce7-20567c941112
2024-09-11 09:10:59.603871	2024-09-11 09:10:59.603881	pidref	027375099	R	rec	ae0384ec-3063-4be9-9f9a-70861ab3b0ec
2024-09-11 09:10:59.661861	2024-09-11 09:10:59.66187	pidref	027375188	R	rec	5dee588a-187b-45b7-8308-616625198d97
2024-09-11 09:10:59.733404	2024-09-11 09:10:59.73341	pidref	027375412	R	rec	2528ee84-f176-444c-a87a-be878c0b5e14
2024-09-11 09:10:59.785476	2024-09-11 09:10:59.785485	pidref	027375463	R	rec	812cbcc7-883d-4b3a-8e4f-f92b4672de1b
2024-09-11 09:10:59.841705	2024-09-11 09:10:59.841711	pidref	02737601X	R	rec	6bf3a326-a1e9-47ab-aaeb-3597e87683ac
2024-09-11 09:10:59.902586	2024-09-11 09:10:59.902595	pidref	027377067	R	rec	a364af66-4408-4c2c-ae87-206f34df98a1
2024-09-11 09:10:59.972204	2024-09-11 09:10:59.972214	pidref	027377660	R	rec	431fa0f8-57d5-4813-893e-992c9fd0c7ff
2024-09-11 09:11:00.036818	2024-09-11 09:11:00.036823	pidref	027377768	R	rec	5553c0cb-3cb0-4ffa-810e-c794bf61f503
2024-09-11 09:11:00.093312	2024-09-11 09:11:00.093324	pidref	027379647	R	rec	00e8b048-085d-49e5-a116-0ef421f87bd7
2024-09-11 09:11:00.165737	2024-09-11 09:11:00.165746	pidref	027381323	R	rec	c5ace2d1-6e9c-4cc0-b6cb-e5aa52b9f47d
2024-09-11 09:11:00.229719	2024-09-11 09:11:00.229724	pidref	027400212	R	rec	e293e709-fe7d-499d-a36b-9769fac14788
2024-09-11 09:11:00.289224	2024-09-11 09:11:00.289229	pidref	027402193	R	rec	7d922798-902b-48a8-ae84-5372b6077c99
2024-09-11 09:11:00.337233	2024-09-11 09:11:00.337236	pidref	027405478	R	rec	85549c16-863f-4c74-9f08-97bdf81c8ac4
2024-09-11 09:11:00.385215	2024-09-11 09:11:00.38522	pidref	027405621	R	rec	88425961-f435-4dd2-a4d7-e7d3b8ce4d17
2024-09-11 09:11:00.429916	2024-09-11 09:11:00.429921	pidref	027405753	R	rec	d9c2879d-f610-42f6-b17d-615c83a3dde9
2024-09-11 09:11:00.472931	2024-09-11 09:11:00.472936	pidref	027406415	R	rec	24ae1e1b-844f-4f46-941b-2d900e0ec7ae
2024-09-11 09:11:00.527264	2024-09-11 09:11:00.527274	pidref	027406733	R	rec	425b22af-7b2a-4a5c-8e7c-044b858e5a3f
2024-09-11 09:11:00.588894	2024-09-11 09:11:00.588904	pidref	027407012	R	rec	a780e5fa-55bf-4649-97d4-37587d0cea74
2024-09-11 09:11:00.650204	2024-09-11 09:11:00.650214	pidref	027407632	R	rec	e8d496f8-372a-48b4-aa29-cb035502bdb4
2024-09-11 09:11:00.731612	2024-09-11 09:11:00.731617	pidref	027408310	R	rec	666ce931-a676-4f25-8779-fad7c26854b2
2024-09-11 09:11:00.786165	2024-09-11 09:11:00.786175	pidref	027408450	R	rec	f32b2259-a0fb-4954-b4bf-4973cf52d889
2024-09-11 09:11:00.846123	2024-09-11 09:11:00.846134	pidref	027409317	R	rec	af403c02-1e96-4c6d-ab8b-ecefb5c74d42
2024-09-11 09:11:00.906816	2024-09-11 09:11:00.906827	pidref	027418499	R	rec	4c1454d4-c485-4c3a-a204-658bfb1ebaac
2024-09-11 09:11:00.96559	2024-09-11 09:11:00.9656	pidref	027427374	R	rec	3ddd132e-f684-4913-b23d-1491bc6e1df1
2024-09-11 09:11:01.022213	2024-09-11 09:11:01.022223	pidref	027428095	R	rec	fbacb01d-03b9-441d-b0b1-410d806f3c7a
2024-09-11 09:11:01.08563	2024-09-11 09:11:01.085635	pidref	027428672	R	rec	8af38207-eea5-4807-acca-dcef56d4f96c
2024-09-11 09:11:01.142017	2024-09-11 09:11:01.142026	pidref	027429393	R	rec	4fbaa8e9-60c7-49c3-9911-e028be342d65
2024-09-11 09:11:01.212749	2024-09-11 09:11:01.212756	pidref	027434125	R	rec	6b0a220e-8abb-4ae6-962e-b51815709516
2024-09-11 09:11:01.277928	2024-09-11 09:11:01.277938	pidref	027434648	R	rec	b8047ead-a138-453c-9386-e8ba5465b4d9
2024-09-11 09:11:01.340621	2024-09-11 09:11:01.340631	pidref	027436810	R	rec	6dff5ce5-09e9-4f4a-97c3-d771fa25aa3f
2024-09-11 09:11:01.407796	2024-09-11 09:11:01.407807	pidref	027436837	R	rec	f4b092cd-71d0-42c8-a72e-c8af09e084f5
2024-09-11 09:11:01.473468	2024-09-11 09:11:01.473478	pidref	027439658	R	rec	14a0f248-5f92-42c9-9e48-0a891feaa680
2024-09-11 09:11:01.543444	2024-09-11 09:11:01.543453	pidref	027442128	R	rec	89237a9a-4dbc-4d7e-b993-ab4db361c941
2024-09-11 09:11:01.602344	2024-09-11 09:11:01.602349	pidref	027442381	R	rec	7b6073bb-6c63-4283-a31b-7fc5a6d874ed
2024-09-11 09:11:01.651552	2024-09-11 09:11:01.65156	pidref	027442454	R	rec	d553012e-bfce-482b-836f-9ec1456b39f9
2024-09-11 09:11:01.727869	2024-09-11 09:11:01.727881	pidref	027442462	R	rec	4a9d3cc9-f437-4dcf-a0bb-a751fbbb6cc9
2024-09-11 09:11:01.811324	2024-09-11 09:11:01.811329	pidref	027443876	R	rec	8b48c565-70cb-44d9-81b1-9148ace3bcb7
2024-09-11 09:11:01.872546	2024-09-11 09:11:01.872555	pidref	02744628X	R	rec	38ea9e2d-bca7-4341-9254-11bbea93f54c
2024-09-11 09:11:01.955839	2024-09-11 09:11:01.95585	pidref	027448177	R	rec	238a5046-54a0-4b92-9c8f-f73b2c584677
2024-09-11 09:11:02.033117	2024-09-11 09:11:02.033127	pidref	02745228X	R	rec	41479128-9232-4a78-a7cf-5d77d17c071b
2024-09-11 09:11:02.09837	2024-09-11 09:11:02.098375	pidref	027452816	R	rec	f2bf0aa2-7e87-4c7e-a391-723f42cc8cad
2024-09-11 09:11:02.165791	2024-09-11 09:11:02.165802	pidref	027463613	R	rec	ba9a6633-e734-466e-96b8-58da194ea2b7
2024-09-11 09:11:02.227258	2024-09-11 09:11:02.227263	pidref	027464180	R	rec	dce41823-1dd2-4f35-98b5-e0e0b2aff2ac
2024-09-11 09:11:02.287115	2024-09-11 09:11:02.287196	pidref	027464512	R	rec	00e8aa9e-c51b-426e-9cae-5ddf5dc44488
2024-09-11 09:11:02.35015	2024-09-11 09:11:02.350159	pidref	027465012	R	rec	cbe994b8-108c-47a1-96d4-48bf5b2d63b4
2024-09-11 09:11:02.410512	2024-09-11 09:11:02.410523	pidref	027472906	R	rec	9cfa0dd4-5a54-4b0d-a96a-1c0261824dd1
2024-09-11 09:11:02.483561	2024-09-11 09:11:02.483566	pidref	027479056	R	rec	0670c3e3-12e2-42bd-bf61-eff0ff7d6102
2024-09-11 09:11:02.553856	2024-09-11 09:11:02.553865	pidref	027482928	R	rec	f6d93cf7-7430-4366-beef-f3ba00499e62
2024-09-11 09:11:02.609765	2024-09-11 09:11:02.609776	pidref	027483169	R	rec	d4b3d3de-6e53-4fbd-88b7-58e8a098c103
2024-09-11 09:11:02.669157	2024-09-11 09:11:02.669167	pidref	027483304	R	rec	51c7d7c9-310f-4448-b5ca-52e5b7392d0d
2024-09-11 09:11:02.729902	2024-09-11 09:11:02.729912	pidref	02748355X	R	rec	594e79c8-7563-41c9-a7e2-458af1079a7b
2024-09-11 09:11:02.792816	2024-09-11 09:11:02.792827	pidref	027484319	R	rec	bff1337e-2e61-44a2-8982-7ae1b10b11e4
2024-09-11 09:11:02.868493	2024-09-11 09:11:02.868499	pidref	02748498X	R	rec	d4bb1838-81c3-4eb2-8f05-bd22496412c3
2024-09-11 09:11:02.92972	2024-09-11 09:11:02.929726	pidref	027485552	R	rec	6c2a6c5e-fc3f-4d65-bf84-56cd0063716e
2024-09-11 09:11:02.995533	2024-09-11 09:11:02.995544	pidref	027486354	R	rec	88e429f1-a233-4fcd-a163-15a073c302fe
2024-09-11 09:11:03.072354	2024-09-11 09:11:03.07236	pidref	027491099	R	rec	173355ff-5f10-4157-a416-c6e62535cfc4
2024-09-11 09:11:03.12213	2024-09-11 09:11:03.122134	pidref	027492753	R	rec	5423f769-c254-4ecb-9c70-fea4f6f21a6b
2024-09-11 09:11:03.194047	2024-09-11 09:11:03.194056	pidref	027501302	R	rec	0390ba27-6aa8-40fa-9b14-87f220d07b52
2024-09-11 09:11:03.258697	2024-09-11 09:11:03.258708	pidref	027501418	R	rec	d6886165-e79f-4bc7-9e62-a5f644bdf66c
2024-09-11 09:11:03.318581	2024-09-11 09:11:03.318586	pidref	027502333	R	rec	11631164-8029-427e-b32f-2d704d7e5fcd
2024-09-11 09:11:03.377813	2024-09-11 09:11:03.377823	pidref	027502368	R	rec	f84037af-827f-4c73-8f5d-dd33834faae4
2024-09-11 09:11:03.447972	2024-09-11 09:11:03.447984	pidref	027502775	R	rec	27d43b4f-54dc-4662-805b-26558e1da33e
2024-09-11 09:11:03.514057	2024-09-11 09:11:03.514067	pidref	027504271	R	rec	bb862c6c-78df-433b-8b87-a82dd940570f
2024-09-11 09:11:03.572722	2024-09-11 09:11:03.572728	pidref	027504379	R	rec	4f196f56-71bd-4e9a-8484-c7271076f4b5
2024-09-11 09:11:03.623582	2024-09-11 09:11:03.623587	pidref	027522296	R	rec	e8cde61e-a672-42c7-8d44-96ca7771808d
2024-09-11 09:11:03.673524	2024-09-11 09:11:03.673529	pidref	027528359	R	rec	2ec20db9-f482-44e2-8e00-f8fdda4e5880
2024-09-11 09:11:03.727451	2024-09-11 09:11:03.727456	pidref	027544931	R	rec	207e9412-ba11-497f-bf06-ad702a0111a0
2024-09-11 09:11:03.774368	2024-09-11 09:11:03.774374	pidref	02754785X	R	rec	23bd11e3-e2c1-444d-8e10-54497adeb827
2024-09-11 09:11:03.841335	2024-09-11 09:11:03.841345	pidref	027552543	R	rec	921e864a-28a3-4115-928b-482af0f574a7
2024-09-11 09:11:03.904343	2024-09-11 09:11:03.904349	pidref	027557758	R	rec	2aeed468-2300-4bc0-8a0b-7feda9f37f06
2024-09-11 09:11:03.973943	2024-09-11 09:11:03.973952	pidref	027563278	R	rec	c5b28db4-8f67-492a-8e5e-0c6461828b72
2024-09-11 09:11:04.036995	2024-09-11 09:11:04.037005	pidref	027564053	R	rec	ab6c8934-92ca-4ec3-996d-caedc9e1c40f
2024-09-11 09:11:04.102654	2024-09-11 09:11:04.102658	pidref	027564223	R	rec	aaa8df4a-98eb-4798-9eda-bd974bcc377f
2024-09-11 09:11:04.154137	2024-09-11 09:11:04.154142	pidref	027579425	R	rec	94993587-640f-49e0-a0c0-827d828ac9e5
2024-09-11 09:11:04.214365	2024-09-11 09:11:04.214371	pidref	027584763	R	rec	e2386b7a-9977-4620-8603-8d9c2846a26d
2024-09-11 09:11:04.273634	2024-09-11 09:11:04.273645	pidref	027585190	R	rec	2b050026-9af4-408e-8127-cf7d1c64b702
2024-09-11 09:11:04.352212	2024-09-11 09:11:04.352222	pidref	027596591	R	rec	86dc7671-3266-4999-baf6-636565a635c2
2024-09-11 09:11:04.420977	2024-09-11 09:11:04.420987	pidref	027603504	R	rec	d6187db3-68cb-49d8-8d73-4a3f9b8cfdf4
2024-09-11 09:11:04.479283	2024-09-11 09:11:04.479293	pidref	027603784	R	rec	949e7c45-3a3a-4b27-9737-1ff98264800d
2024-09-11 09:11:04.547524	2024-09-11 09:11:04.54753	pidref	027606996	R	rec	89d12182-c30c-4581-b3dd-f9a783945aeb
2024-09-11 09:11:04.605586	2024-09-11 09:11:04.605591	pidref	02761803X	R	rec	13a99e83-da6c-4aec-b04b-b77d51450d1f
2024-09-11 09:11:04.658758	2024-09-11 09:11:04.658769	pidref	027621952	R	rec	2d6a9369-fc4d-4436-b714-2e6cbcb3e8cb
2024-09-11 09:11:04.721854	2024-09-11 09:11:04.721859	pidref	027622444	R	rec	f1b9dfe6-5d7c-41f3-a775-3b5f1ee645b1
2024-09-11 09:11:04.77417	2024-09-11 09:11:04.77418	pidref	02763065X	R	rec	29bc9f9f-cdc2-4723-ba9a-20913d22d47c
2024-09-11 09:11:04.842228	2024-09-11 09:11:04.842239	pidref	027632571	R	rec	0a856bcf-b9cc-4079-9615-e49ee48f1828
2024-09-11 09:11:04.897083	2024-09-11 09:11:04.897093	pidref	02763857X	R	rec	7c30fcdd-6f3a-4fad-ae06-ffec57e53530
2024-09-11 09:11:04.96819	2024-09-11 09:11:04.9682	pidref	027645649	R	rec	5c69f2bb-410a-41f6-912e-bb00c18c0c21
2024-09-11 09:11:05.038637	2024-09-11 09:11:05.03867	pidref	027656438	R	rec	b27b0cfd-586c-4359-80b2-659d2108f9ed
2024-09-11 09:11:05.102656	2024-09-11 09:11:05.10266	pidref	027668479	R	rec	df722e91-745e-401d-9bf7-b42065233a51
2024-09-11 09:11:05.158097	2024-09-11 09:11:05.158107	pidref	027680231	R	rec	b70be34d-2527-41d3-993e-2e0b3b376806
2024-09-11 09:11:05.223005	2024-09-11 09:11:05.223009	pidref	027693007	R	rec	707c4f19-98b4-4dc3-83b7-820bf34b8c75
2024-09-11 09:11:05.275551	2024-09-11 09:11:05.275561	pidref	027693805	R	rec	50610f7e-0af0-47c5-b771-f3a78e6b7063
2024-09-11 09:11:05.334499	2024-09-11 09:11:05.33451	pidref	027693821	R	rec	78e95d5b-7453-427f-9cdb-16647ff533d0
2024-09-11 09:11:05.394182	2024-09-11 09:11:05.394192	pidref	027694658	R	rec	f3fd224c-73fa-416c-afab-71e843fcfe4c
2024-09-11 09:11:05.459735	2024-09-11 09:11:05.459746	pidref	027705781	R	rec	e6fe50d5-77b9-45d3-a213-2a22d3994d48
2024-09-11 09:11:05.527409	2024-09-11 09:11:05.52742	pidref	027722996	R	rec	be62888d-24bc-4452-b2e9-9454b02efa86
2024-09-11 09:11:05.599392	2024-09-11 09:11:05.599402	pidref	027744795	R	rec	3f77b463-c0dd-4103-8517-3bbfbe853f41
2024-09-11 09:11:05.684104	2024-09-11 09:11:05.684114	pidref	02775751X	R	rec	47070620-e1f7-4a70-a240-fb9b671b8a08
2024-09-11 09:11:05.761523	2024-09-11 09:11:05.761535	pidref	027764842	R	rec	0f7c9091-2b70-4e2a-9b26-b781b6ff60df
2024-09-11 09:11:05.832103	2024-09-11 09:11:05.832112	pidref	027768627	R	rec	55b3208b-de8c-49b8-af61-1197de85eea9
2024-09-11 09:11:05.91333	2024-09-11 09:11:05.91334	pidref	02776866X	R	rec	a94bf2f8-027b-412a-a14d-6671f3a4ba02
2024-09-11 09:11:05.985178	2024-09-11 09:11:05.985184	pidref	027768678	R	rec	33eefb31-8c71-45b2-8104-fac1a7250cb7
2024-09-11 09:11:06.047269	2024-09-11 09:11:06.047275	pidref	027768686	R	rec	a019c507-43b7-48d3-a73a-c78e13ef30d5
2024-09-11 09:11:06.111776	2024-09-11 09:11:06.111787	pidref	027768694	R	rec	96f9b892-bfad-4a8a-af72-fb64be86e9c6
2024-09-11 09:11:06.198078	2024-09-11 09:11:06.198088	pidref	027775348	R	rec	7563ada5-8a9c-434e-88a5-3527d76c5c54
2024-09-11 09:11:06.258419	2024-09-11 09:11:06.25843	pidref	027777456	R	rec	2cc60ed2-a0e5-467e-ad1f-193247627c6b
2024-09-11 09:11:06.314474	2024-09-11 09:11:06.314483	pidref	027785718	R	rec	250b8ec6-ac74-4543-93cd-89c1e1abb0bd
2024-09-11 09:11:06.381436	2024-09-11 09:11:06.381447	pidref	027806626	R	rec	e811883f-51ba-4660-a85e-38037ab1c6ff
2024-09-11 09:11:06.445089	2024-09-11 09:11:06.445099	pidref	027812723	R	rec	27042514-d328-454d-a3cf-9d7f7b7a1477
2024-09-11 09:11:06.508337	2024-09-11 09:11:06.508346	pidref	027825558	R	rec	23fca87c-64a3-45fc-9e17-4d787dbafdd7
2024-09-11 09:11:06.570515	2024-09-11 09:11:06.570519	pidref	027838935	R	rec	e9881993-6167-4a0e-976f-875bd0abd6f4
2024-09-11 09:11:06.624288	2024-09-11 09:11:06.624299	pidref	027840883	R	rec	92d88c5f-664b-4523-ba55-b5da99897fd8
2024-09-11 09:11:06.693685	2024-09-11 09:11:06.693695	pidref	027842959	R	rec	53df4917-b55f-4c15-a3d2-6f7d86f83725
2024-09-11 09:11:06.762501	2024-09-11 09:11:06.762507	pidref	027848213	R	rec	9a93b5cb-2bd7-43f4-a550-a432d59494dc
2024-09-11 09:11:06.816589	2024-09-11 09:11:06.8166	pidref	027853128	R	rec	7ccee860-bb49-4691-8f5b-0c1f2117d670
2024-09-11 09:11:06.889766	2024-09-11 09:11:06.889786	pidref	027853136	R	rec	4953b76b-0926-467b-8ec0-747569fa8c1f
2024-09-11 09:11:06.969534	2024-09-11 09:11:06.969544	pidref	027860787	R	rec	f2634976-3b16-4104-9368-65d751d2107a
2024-09-11 09:11:07.042412	2024-09-11 09:11:07.042421	pidref	027875695	R	rec	56ef7f2a-12b3-49aa-a736-1a8b9361d7d2
2024-09-11 09:11:07.099122	2024-09-11 09:11:07.099127	pidref	027875717	R	rec	aac22870-8476-42d4-a072-a7d6d9d0e026
2024-09-11 09:11:07.151418	2024-09-11 09:11:07.151423	pidref	027875725	R	rec	af997add-f63f-44be-850a-415bf926ea4d
2024-09-11 09:11:07.20865	2024-09-11 09:11:07.20866	pidref	027883000	R	rec	7e60d9da-59ee-4d28-a918-adb6510b63a6
2024-09-11 09:11:07.269726	2024-09-11 09:11:07.269737	pidref	027935280	R	rec	7fda643f-f682-4cca-b8a0-82477bc81af3
2024-09-11 09:11:07.330107	2024-09-11 09:11:07.330116	pidref	027945774	R	rec	a8d09e4d-4580-4bc5-8bed-e8ea17a7d3df
2024-09-11 09:11:07.395777	2024-09-11 09:11:07.395788	pidref	027949117	R	rec	b8105d1c-5854-480b-8373-51c382cedd9c
2024-09-11 09:11:07.459982	2024-09-11 09:11:07.459993	pidref	027952800	R	rec	0a68d2b5-dd92-4557-9bce-a20755463ecc
2024-09-11 09:11:07.521312	2024-09-11 09:11:07.521318	pidref	028036336	R	rec	ffbe9e71-1ee9-42c1-8eaa-daead39825bd
2024-09-11 09:11:07.570557	2024-09-11 09:11:07.570562	pidref	028097505	R	rec	c76dea66-f415-470d-8a77-ac68726b16f4
2024-09-11 09:11:07.622337	2024-09-11 09:11:07.622343	pidref	028135903	R	rec	2a4397e6-3858-472a-9e97-6e2681aa468b
2024-09-11 09:11:07.667742	2024-09-11 09:11:07.667747	pidref	028141814	R	rec	1f2e3465-90d3-4d97-a7cb-6dc6755c3e07
2024-09-11 09:11:07.779467	2024-09-11 09:11:07.779478	pidref	028146212	R	rec	9d24106f-51cc-49af-aa04-f7ccb27aeccd
2024-09-11 09:11:07.85867	2024-09-11 09:11:07.858681	pidref	028172825	R	rec	f34085fd-3967-4d25-9489-ef9fa716ae14
2024-09-11 09:11:07.919685	2024-09-11 09:11:07.919694	pidref	02817450X	R	rec	6ea1142d-edc7-44d0-8549-6913d1124baa
2024-09-11 09:11:07.980417	2024-09-11 09:11:07.980433	pidref	028180135	R	rec	1afaf128-0016-46a5-baf7-a3778956c7fd
2024-09-11 09:11:08.054556	2024-09-11 09:11:08.054566	pidref	028201922	R	rec	f69fe93c-4c54-456e-88d3-719ff8c72dc4
2024-09-11 09:11:08.10635	2024-09-11 09:11:08.106355	pidref	028212967	R	rec	6516093a-6386-4a8e-a222-9aed30cc720c
2024-09-11 09:11:08.168122	2024-09-11 09:11:08.168289	pidref	028212991	R	rec	ec3057b3-f099-4ddd-9d2f-ca2c43d76b8e
2024-09-11 09:11:08.241874	2024-09-11 09:11:08.241879	pidref	028213017	R	rec	2b3148f7-96b1-4324-b241-c291244f3927
2024-09-11 09:11:08.303809	2024-09-11 09:11:08.30382	pidref	028215346	R	rec	9f0fd42d-86eb-479b-b0e2-be3166826ef1
2024-09-11 09:11:08.367589	2024-09-11 09:11:08.367599	pidref	028217160	R	rec	40bfb065-609e-4b60-901f-0801eda2cf67
2024-09-11 09:11:08.438133	2024-09-11 09:11:08.438138	pidref	028245431	R	rec	3136ba86-3bc8-40a0-b7e5-f1c19ea01ba9
2024-09-11 09:11:08.504878	2024-09-11 09:11:08.504889	pidref	028289129	R	rec	8f3c3dc2-8bc4-4509-b2d9-23bc61aaa0ab
2024-09-11 09:11:08.57615	2024-09-11 09:11:08.576155	pidref	028355431	R	rec	742fb8eb-83be-48da-abc3-1efd65a605cb
2024-09-11 09:11:08.626779	2024-09-11 09:11:08.626786	pidref	028366360	R	rec	2a44f608-8623-4f35-915c-4d3a1bb2ba0a
2024-09-11 09:11:08.688313	2024-09-11 09:11:08.688318	pidref	028388569	R	rec	5002a867-7528-4894-beb4-9bf9afdcd1ff
2024-09-11 09:11:08.746034	2024-09-11 09:11:08.746044	pidref	028411773	R	rec	895024cc-1ff7-40ad-a322-347f9df5a820
2024-09-11 09:11:08.808884	2024-09-11 09:11:08.80889	pidref	028554108	R	rec	2849c237-85ae-48e4-955d-832de2f6da95
2024-09-11 09:11:08.868193	2024-09-11 09:11:08.868203	pidref	028565924	R	rec	4b430070-76ac-4c69-9769-3f882590728b
2024-09-11 09:11:08.928325	2024-09-11 09:11:08.928336	pidref	028567005	R	rec	e3a41634-1bd2-4d3b-b560-73d6184b73f4
2024-09-11 09:11:08.994235	2024-09-11 09:11:08.994246	pidref	028601475	R	rec	19846dbb-59fb-4a9a-b983-a0f5ac3277aa
2024-09-11 09:11:09.060938	2024-09-11 09:11:09.060948	pidref	028654706	R	rec	d419c6f3-9fb9-4e95-ae85-186bf9147e85
2024-09-11 09:11:09.110108	2024-09-11 09:11:09.110113	pidref	028695984	R	rec	cd2d3f30-ef2d-4d19-9fd4-c17a9f468fab
2024-09-11 09:11:09.15899	2024-09-11 09:11:09.158996	pidref	028700570	R	rec	8ecdb213-994b-43d7-a600-dc1ac320c786
2024-09-11 09:11:09.217777	2024-09-11 09:11:09.217782	pidref	02870097X	R	rec	0f1f0628-e033-44ae-b81e-7a4b0e69b8e9
2024-09-11 09:11:09.268784	2024-09-11 09:11:09.268794	pidref	028706137	R	rec	c213ab0b-ed9b-487c-8088-8963c4c93de2
2024-09-11 09:11:09.324634	2024-09-11 09:11:09.324645	pidref	028727444	R	rec	12e6f7e3-1583-4a38-8bc9-98c677e57143
2024-09-11 09:11:09.394873	2024-09-11 09:11:09.394884	pidref	028877764	R	rec	2ce95ef0-6907-47d1-bf0b-a1280a2e0209
2024-09-11 09:11:09.463744	2024-09-11 09:11:09.463755	pidref	028889460	R	rec	e8d14b2e-f677-49de-a8ca-8a9056f2fdb9
2024-09-11 09:11:09.542684	2024-09-11 09:11:09.542703	pidref	028913663	R	rec	e548579f-a792-4171-9064-3833c4af4805
2024-09-11 09:11:09.600661	2024-09-11 09:11:09.600665	pidref	028928709	R	rec	181f2ada-b5e8-4deb-8590-f7cd63700cea
2024-09-11 09:11:09.654509	2024-09-11 09:11:09.654519	pidref	028931491	R	rec	77c8d2b7-bbe6-42a6-a1bc-ebe9f33ef6a6
2024-09-11 09:11:09.723181	2024-09-11 09:11:09.723186	pidref	028979885	R	rec	516333e2-2e92-4519-b583-99b9ccc32617
2024-09-11 09:11:09.77945	2024-09-11 09:11:09.779462	pidref	028988310	R	rec	32eaaa84-9354-45bb-9ee4-d2c4c56e0ee2
2024-09-11 09:11:09.852017	2024-09-11 09:11:09.852028	pidref	028991575	R	rec	0fc5c42f-bc28-4480-9a09-44edbf2766be
2024-09-11 09:11:09.918263	2024-09-11 09:11:09.918273	pidref	028992105	R	rec	6514fb9d-6461-4173-8cff-6cb2b30e9b3a
2024-09-11 09:11:09.980333	2024-09-11 09:11:09.980344	pidref	028992318	R	rec	e9c9efa4-571d-44ad-a82a-e40cbd0302e0
2024-09-11 09:11:10.0503	2024-09-11 09:11:10.05031	pidref	028996593	R	rec	a5949111-49de-4202-88cd-552831c79791
2024-09-11 09:11:10.106307	2024-09-11 09:11:10.106313	pidref	028996690	R	rec	d3c248f7-c02a-49c3-a02b-0b38b0022657
2024-09-11 09:11:10.171087	2024-09-11 09:11:10.171097	pidref	029152887	R	rec	0e6e6930-ca75-4cab-bbba-b8b06f61f3f9
2024-09-11 09:11:10.234698	2024-09-11 09:11:10.234703	pidref	029183340	R	rec	3544a8aa-5aa6-40b5-bf86-d6b01f8b5ae0
2024-09-11 09:11:10.297038	2024-09-11 09:11:10.297048	pidref	029216540	R	rec	082d7502-0cf3-4b18-a018-275b5bd371e5
2024-09-11 09:11:10.359821	2024-09-11 09:11:10.359827	pidref	029220661	R	rec	0c1e8ca5-58ee-44b4-b6fc-87307e79fd9c
2024-09-11 09:11:10.423144	2024-09-11 09:11:10.423154	pidref	029345529	R	rec	8b111a3c-2336-4259-ae3a-67de220e720c
2024-09-11 09:11:10.487702	2024-09-11 09:11:10.487707	pidref	029368707	R	rec	6f1cce32-64d9-443f-a328-27ac2f290575
2024-09-11 09:11:10.54456	2024-09-11 09:11:10.54457	pidref	029453208	R	rec	de0ea4d8-82d6-4fd1-bec5-160fa24d61e3
2024-09-11 09:11:10.609087	2024-09-11 09:11:10.609097	pidref	029459060	R	rec	3381732f-008a-4352-b55b-7b014635ab54
2024-09-11 09:11:10.676256	2024-09-11 09:11:10.676261	pidref	029502764	R	rec	76456dc5-f9f8-495b-a464-531c50f3361e
2024-09-11 09:11:10.742437	2024-09-11 09:11:10.742447	pidref	029508347	R	rec	487f0fe2-4247-4b0a-b177-e2a955051dff
2024-09-11 09:11:10.805469	2024-09-11 09:11:10.80548	pidref	029571219	R	rec	067c285f-22fb-4b2d-8c97-0e7c1290cb6b
2024-09-11 09:11:10.875558	2024-09-11 09:11:10.875563	pidref	029592259	R	rec	752d2dd9-92ac-469b-b705-87b5fdb2c35d
2024-09-11 09:11:10.936515	2024-09-11 09:11:10.936524	pidref	029680344	R	rec	d7102df5-c082-42e4-b409-4b8231bda92d
2024-09-11 09:11:10.99755	2024-09-11 09:11:10.997558	pidref	029693756	R	rec	eff5fb64-b57a-4105-b983-eb07dd0ed136
2024-09-11 09:11:11.054132	2024-09-11 09:11:11.054142	pidref	029693772	R	rec	c5e6328d-ef1a-46ee-8fa5-e46450322c36
2024-09-11 09:11:11.106658	2024-09-11 09:11:11.106664	pidref	02976436X	R	rec	f7a92f64-3c71-49e0-89f7-fc33b04f22fc
2024-09-11 09:11:11.167701	2024-09-11 09:11:11.167712	pidref	029805279	R	rec	b28b2642-84d1-49ca-9712-f9e1ea015613
2024-09-11 09:11:11.227894	2024-09-11 09:11:11.227899	pidref	029857678	R	rec	06700999-0c17-4329-b3e7-713b3cac9a4d
2024-09-11 09:11:11.280449	2024-09-11 09:11:11.280454	pidref	02985850X	R	rec	78fd82aa-7ac8-4a81-a85e-8bf1bdaba661
2024-09-11 09:11:11.344611	2024-09-11 09:11:11.344622	pidref	030398614	R	rec	ce544188-bbd9-4694-8fba-c5125369614e
2024-09-11 09:11:11.404844	2024-09-11 09:11:11.404854	pidref	030512425	R	rec	6bf7c1b5-0d8d-4243-ba57-f09306219f05
2024-09-11 09:11:11.462689	2024-09-11 09:11:11.4627	pidref	030519799	R	rec	f4de28bf-6acd-4687-b805-9fdd3cea23bd
2024-09-11 09:11:11.541394	2024-09-11 09:11:11.5414	pidref	03055537X	R	rec	bd767d63-1aba-4427-a6fa-fc72e76fefe4
2024-09-11 09:11:11.615373	2024-09-11 09:11:11.615378	pidref	030628156	R	rec	696492dd-de67-4e06-8ad3-e42f4517a80c
2024-09-11 09:11:11.68303	2024-09-11 09:11:11.68304	pidref	030640091	R	rec	076e37fb-9c96-4aa8-b4fa-041825ccc253
2024-09-11 09:11:11.747217	2024-09-11 09:11:11.747227	pidref	031139876	R	rec	34b72442-340f-435f-b7cf-92f860beb542
2024-09-11 09:11:11.81805	2024-09-11 09:11:11.818061	pidref	031211097	R	rec	af2c4735-cf28-4295-b942-2ffe741d95fa
2024-09-11 09:11:11.882345	2024-09-11 09:11:11.882355	pidref	031649424	R	rec	49a6048f-bb96-4e9f-923c-d648bd911f69
2024-09-11 09:11:11.957512	2024-09-11 09:11:11.957523	pidref	03168520X	R	rec	4b47ad98-a75d-4d49-a574-20ef1c2924a4
2024-09-11 09:11:12.013166	2024-09-11 09:11:12.013172	pidref	031702473	R	rec	00f844ad-e556-4759-bbbb-098a8f090bdd
2024-09-11 09:11:12.069635	2024-09-11 09:11:12.069645	pidref	031977561	R	rec	c5d256d6-474a-413c-ab8c-0a926355500e
2024-09-11 09:11:12.121236	2024-09-11 09:11:12.121241	pidref	032028555	R	rec	a76ece7c-53c2-48e1-8ab0-26312496f7a0
2024-09-11 09:11:12.172848	2024-09-11 09:11:12.172858	pidref	032029667	R	rec	250c3835-226f-4e73-9303-b0143e8ccb30
2024-09-11 09:11:12.241108	2024-09-11 09:11:12.241118	pidref	03210572X	R	rec	831af8e8-0ec0-424d-9f4c-d5d6b07207cc
2024-09-11 09:11:12.307698	2024-09-11 09:11:12.307708	pidref	03261991X	R	rec	9fd18f9d-b52b-4ffe-917e-4fd236fa974e
2024-09-11 09:11:12.366879	2024-09-11 09:11:12.366889	pidref	032861621	R	rec	b42d53b9-f221-4f53-9d43-dac7a45b6cbf
2024-09-11 09:11:12.434682	2024-09-11 09:11:12.434692	pidref	032972997	R	rec	ff9a48f2-9131-4919-8122-ce9908dcb95c
2024-09-11 09:11:12.499985	2024-09-11 09:11:12.499995	pidref	033023808	R	rec	f6bfa300-bc62-46f2-af5d-81bf393bd4b3
2024-09-11 09:11:12.565429	2024-09-11 09:11:12.565439	pidref	033459118	R	rec	6a07ddc6-f6da-43ef-bc50-6387e3e29bc3
2024-09-11 09:11:12.615685	2024-09-11 09:11:12.61569	pidref	034580506	R	rec	be7dd1cb-44b2-495c-a673-e5a0ee53a9f8
2024-09-11 09:11:12.661098	2024-09-11 09:11:12.661109	pidref	034800964	R	rec	715b7119-506e-4e93-b7f4-06e0a2592074
2024-09-11 09:11:12.722129	2024-09-11 09:11:12.722134	pidref	034910190	R	rec	20de3427-d334-4b6a-a3be-4e19541800bf
2024-09-11 09:11:12.770389	2024-09-11 09:11:12.770399	pidref	03512802X	R	rec	33f78208-4db7-4b7a-8796-5aeb815e0a6c
2024-09-11 09:11:12.828977	2024-09-11 09:11:12.828986	pidref	035220287	R	rec	c3011fbc-944b-40dc-8697-f9711089b811
2024-09-11 09:11:12.895278	2024-09-11 09:11:12.895288	pidref	03530183X	R	rec	8cb6db38-378e-4aae-a298-dfdd2341f660
2024-09-11 09:11:12.961527	2024-09-11 09:11:12.961538	pidref	035301872	R	rec	2c9227b4-4596-4bf7-8cb6-082a0b1223ef
2024-09-11 09:11:13.026438	2024-09-11 09:11:13.026449	pidref	035321318	R	rec	9ffee463-5e8c-4488-bb06-09f1b1be5d0c
2024-09-11 09:11:13.085759	2024-09-11 09:11:13.085764	pidref	035444193	R	rec	3b48d76d-2e18-4992-b242-455669f3af8e
2024-09-11 09:11:13.148153	2024-09-11 09:11:13.148158	pidref	050211250	R	rec	0dc38ca5-2321-4c8a-9d04-286c072c8aa5
2024-09-11 09:11:13.211838	2024-09-11 09:11:13.21185	pidref	05021778X	R	rec	6df78a52-d786-46fd-91b0-f498a4a3980e
2024-09-11 09:11:13.280713	2024-09-11 09:11:13.280724	pidref	050300334	R	rec	96e85956-d072-4608-8ac2-39aca8846717
2024-09-11 09:11:13.345723	2024-09-11 09:11:13.345729	pidref	050311530	R	rec	b66a9a32-5456-41e1-9852-ada5ab4eb08d
2024-09-11 09:11:13.400564	2024-09-11 09:11:13.40057	pidref	050438417	R	rec	0324c0bd-eb42-455e-9d43-3ff77fc36819
2024-09-11 09:11:13.460323	2024-09-11 09:11:13.460334	pidref	050556789	R	rec	0b6b04b9-5997-4f87-ad70-5749dce80b9c
2024-09-11 09:11:13.525859	2024-09-11 09:11:13.52587	pidref	050557556	R	rec	b4699306-2a8e-40ba-860d-0ce087d8485c
2024-09-11 09:11:13.576704	2024-09-11 09:11:13.576709	pidref	050578480	R	rec	29e2f17f-89cd-4b90-aa42-6a002cf6eacf
2024-09-11 09:11:13.629961	2024-09-11 09:11:13.629966	pidref	052490157	R	rec	902e484c-5c0c-4ff2-81e7-edce3b53106e
2024-09-11 09:11:13.691508	2024-09-11 09:11:13.691518	pidref	053443586	R	rec	4f43a317-268f-4a6b-a858-b05fb0d68b46
2024-09-11 09:11:13.741813	2024-09-11 09:11:13.741819	pidref	053500539	R	rec	a9d6c5f4-33ec-4db2-8660-5eeadf4b4d0f
2024-09-11 09:11:13.800962	2024-09-11 09:11:13.800968	pidref	053504755	R	rec	4d58cf53-1049-4db7-a9ab-0c5985805c2e
2024-09-11 09:11:13.868644	2024-09-11 09:11:13.868655	pidref	055832024	R	rec	41716b44-7d0b-482f-910f-0a7e83e05a35
2024-09-11 09:11:13.925964	2024-09-11 09:11:13.925973	pidref	061566284	R	rec	bb134e73-ee91-4bc5-a131-7180404f2d17
2024-09-11 09:11:13.977079	2024-09-11 09:11:13.977089	pidref	066838339	R	rec	51aea024-3b5c-4717-b176-27818572b9fc
2024-09-11 09:11:14.040384	2024-09-11 09:11:14.04039	pidref	068861974	R	rec	b7109430-a7b4-45de-8034-ab2ecd2b6a4f
2024-09-11 09:11:14.094929	2024-09-11 09:11:14.094935	pidref	068954174	R	rec	df88d6d6-c34d-40c3-9565-fccbcb0947b8
2024-09-11 09:11:14.148302	2024-09-11 09:11:14.148313	pidref	069367027	R	rec	80bd347c-6e6c-4820-b3b8-b0e4ea226965
2024-09-11 09:11:14.2066	2024-09-11 09:11:14.206606	pidref	070388830	R	rec	9e8df548-3f7b-4bc4-8b07-141fbe2fc310
2024-09-11 09:11:14.264341	2024-09-11 09:11:14.264354	pidref	072290455	R	rec	1b0afa11-6a31-4f05-b754-cc45ef7b0a30
2024-09-11 09:11:14.322955	2024-09-11 09:11:14.322982	pidref	072616652	R	rec	ea236f7f-4eb8-4a91-8445-5d726a44f682
2024-09-11 09:11:14.389454	2024-09-11 09:11:14.389464	pidref	073387576	R	rec	f6a97e0e-fdd7-4d0c-86eb-6d0bac55f699
2024-09-11 09:11:14.449844	2024-09-11 09:11:14.449855	pidref	073444073	R	rec	990ccbd6-5dc1-495b-9d1f-c78c376cccb8
2024-09-11 09:11:14.525276	2024-09-11 09:11:14.525286	pidref	074436805	R	rec	62e05b56-e214-4af3-8eea-a25ba8f44516
2024-09-11 09:11:14.587345	2024-09-11 09:11:14.587351	pidref	074578022	R	rec	618e0bd9-b161-44bd-a23d-191f1e26db00
2024-09-11 09:11:14.636528	2024-09-11 09:11:14.636538	pidref	077271041	R	rec	e97caccb-0d77-4568-bfa4-34013d1e8a44
2024-09-11 09:11:14.700351	2024-09-11 09:11:14.700356	pidref	077437160	R	rec	9a05fcb5-8e2e-460c-aec4-5b236062a3a1
2024-09-11 09:11:14.757474	2024-09-11 09:11:14.757484	pidref	078613655	R	rec	6528169f-bce9-437e-8656-f0af3f3d6729
2024-09-11 09:11:14.826833	2024-09-11 09:11:14.826839	pidref	084272996	R	rec	a7d16782-09eb-4d88-9fc3-9b3f3e95baf2
2024-09-11 09:11:14.882494	2024-09-11 09:11:14.882499	pidref	085703419	R	rec	d04f68bf-f9d5-43d8-884c-c63257022611
2024-09-11 09:11:14.95834	2024-09-11 09:11:14.958355	pidref	092146430	R	rec	1a4f7995-c386-4f89-8017-866c83712afa
2024-09-11 09:11:15.034698	2024-09-11 09:11:15.03471	pidref	09445423X	R	rec	c7148f5f-b206-42a0-afea-fb9dd1d4d63a
2024-09-11 09:11:15.091923	2024-09-11 09:11:15.091929	pidref	095140484	R	rec	855f3cad-b92a-40be-b03a-c94c94a840d0
2024-09-11 09:11:15.141007	2024-09-11 09:11:15.141018	pidref	102120935	R	rec	c5d57155-6511-4d9f-b565-b7a21151a677
2024-09-11 09:11:15.20932	2024-09-11 09:11:15.209332	pidref	102147817	R	rec	cebb1b0b-6226-4702-bbbf-477ba3cdd457
2024-09-11 09:11:15.272573	2024-09-11 09:11:15.272585	pidref	113070926	R	rec	d8bbb179-56e5-4bf7-ac85-a3c8344dbb98
2024-09-11 09:11:15.349108	2024-09-11 09:11:15.349117	pidref	114526591	R	rec	816190f7-9252-4627-b763-03056a2325ce
2024-09-11 09:11:15.423313	2024-09-11 09:11:15.423323	pidref	116317825	R	rec	9c518f03-3aa0-4f86-8e49-92f235859356
2024-09-11 09:11:15.489336	2024-09-11 09:11:15.489345	pidref	116459425	R	rec	8b2340de-2ce0-485f-b987-51091a034b48
2024-09-11 09:11:15.558999	2024-09-11 09:11:15.55901	pidref	119411016	R	rec	2d5369b9-1549-47f9-bc36-0a899256f847
2024-09-11 09:11:15.619372	2024-09-11 09:11:15.619378	pidref	123048338	R	rec	4e7f167c-fce6-4a72-abb5-19ad96086603
2024-09-11 09:11:15.701598	2024-09-11 09:11:15.701609	pidref	124441092	R	rec	5329b473-3234-48db-bfae-c158306874e4
2024-09-11 09:11:15.748647	2024-09-11 09:11:15.748653	pidref	127372547	R	rec	f23e7f85-a7ea-44f4-afd3-bf6a11a52ea7
2024-09-11 09:11:15.80196	2024-09-11 09:11:15.801976	pidref	131577166	R	rec	174d40f0-b584-475e-ac27-ecc06fa1e099
2024-09-11 09:11:15.860079	2024-09-11 09:11:15.860112	pidref	133653951	R	rec	d81f8392-3976-4896-bd0d-f4efa1abaeca
2024-09-11 09:11:15.923319	2024-09-11 09:11:15.92333	pidref	140829520	R	rec	c13ee9f5-4038-4625-ad7a-99901e2fe602
2024-09-11 09:11:15.987667	2024-09-11 09:11:15.987679	pidref	140834087	R	rec	6067e188-6114-43c6-a346-1e119d2825f7
2024-09-11 09:11:16.053506	2024-09-11 09:11:16.053512	pidref	144820072	R	rec	2131b4b6-8fbe-4a9c-b795-f5d1fbcb1962
2024-09-11 09:11:16.115921	2024-09-11 09:11:16.115926	pidref	145818713	R	rec	9eceeac0-d5a8-432b-a7aa-6d454c2d9617
2024-09-11 09:11:16.175651	2024-09-11 09:11:16.175657	pidref	148119778	R	rec	c2ce6721-1287-4bc3-aaff-63dd3667e51b
2024-09-11 09:11:16.244873	2024-09-11 09:11:16.244877	pidref	148833829	R	rec	b9d192df-da1b-4fc9-97cb-6928cc61bb1c
2024-09-11 09:11:16.314823	2024-09-11 09:11:16.314833	pidref	150220200	R	rec	49197017-7a76-4453-946b-6603c2923fab
2024-09-11 09:11:16.384393	2024-09-11 09:11:16.384403	pidref	151572429	R	rec	8049407d-04af-459c-b6b8-a11272c150ae
2024-09-11 09:11:16.445604	2024-09-11 09:11:16.445615	pidref	152219005	R	rec	db2b89e2-8c7a-47b0-99bf-cf544b7521a8
2024-09-11 09:11:16.510988	2024-09-11 09:11:16.510997	pidref	153092815	R	rec	ff6eed28-0c97-4672-a2f1-fcd1105c2a33
2024-09-11 09:11:16.571177	2024-09-11 09:11:16.571186	pidref	153807989	R	rec	13a2ebd3-6b05-4f53-8e25-6adf4bdfce01
2024-09-11 09:11:16.621118	2024-09-11 09:11:16.621122	pidref	154297550	R	rec	7a4bf1d4-96ce-4246-a1c2-6d56de204217
2024-09-11 09:11:16.664536	2024-09-11 09:11:16.664541	pidref	154762393	R	rec	210b22dc-c973-4b37-8b49-2adcda1764b1
2024-09-11 09:11:16.715202	2024-09-11 09:11:16.715207	pidref	156994151	R	rec	e32909cd-8206-4201-849b-a84c0a743c7c
2024-09-11 09:11:16.766391	2024-09-11 09:11:16.766402	pidref	157032469	R	rec	650c8550-bad9-44c4-ab75-399a520734cf
2024-09-11 09:11:16.832219	2024-09-11 09:11:16.832228	pidref	157043819	R	rec	1a21a67a-3167-4366-adcd-f55358af236a
2024-09-11 09:11:16.908754	2024-09-11 09:11:16.908766	pidref	157043908	R	rec	dc89d235-34cb-40b1-96be-658f1148b53a
2024-09-11 09:11:16.967414	2024-09-11 09:11:16.967424	pidref	157046125	R	rec	fef7458c-9567-4b05-92e0-6dfbc4ec4b99
2024-09-11 09:11:17.03148	2024-09-11 09:11:17.031485	pidref	157046486	R	rec	1bbfd7f6-40e3-49da-a6c9-4693c7707688
2024-09-11 09:11:17.090152	2024-09-11 09:11:17.090157	pidref	157070093	R	rec	47bf90c4-3e57-4b05-86f4-31a09ab35394
2024-09-11 09:11:17.144609	2024-09-11 09:11:17.14462	pidref	157075109	R	rec	6297b82b-ed4a-419e-a175-d893ef399681
2024-09-11 09:11:17.208528	2024-09-11 09:11:17.208534	pidref	157110184	R	rec	2f866b88-2193-4f63-96ef-432a0cb34d22
2024-09-11 09:11:17.253233	2024-09-11 09:11:17.253238	pidref	157135675	R	rec	c95768c8-cb56-457f-9539-4c23b3be74e4
2024-09-11 09:11:17.306668	2024-09-11 09:11:17.306679	pidref	157135756	R	rec	ff416d98-b820-4422-86f0-23e6502226a6
2024-09-11 09:11:17.373745	2024-09-11 09:11:17.373771	pidref	157143791	R	rec	2deee3ec-9ef7-4e81-8841-d379ccbd4a5a
2024-09-11 09:11:17.439324	2024-09-11 09:11:17.439333	pidref	157164764	R	rec	d31637ab-62ca-4188-997c-e4b845df8aa7
2024-09-11 09:11:17.51393	2024-09-11 09:11:17.513935	pidref	157165892	R	rec	436ac3d9-cd59-4271-afbd-6b710d4881c3
2024-09-11 09:11:17.568173	2024-09-11 09:11:17.568183	pidref	157260275	R	rec	74bcc8aa-d37b-4dc4-a113-05b57099a4ac
2024-09-11 09:11:17.616768	2024-09-11 09:11:17.616773	pidref	157265927	R	rec	5d0526ac-54e1-482d-a20f-494871c7b68d
2024-09-11 09:11:17.680584	2024-09-11 09:11:17.680595	pidref	158185102	R	rec	b3b46e29-f36d-4fc0-a5aa-9a77f3a7dd86
2024-09-11 09:11:17.737456	2024-09-11 09:11:17.737466	pidref	158634624	R	rec	5d351a8f-872f-4617-a152-5d8bc58c11aa
2024-09-11 09:11:17.821812	2024-09-11 09:11:17.821823	pidref	15903194X	R	rec	6b6ecd56-720b-4f58-baf1-c244a88c0f4a
2024-09-11 09:11:17.901708	2024-09-11 09:11:17.901718	pidref	159667518	R	rec	f09b2ec0-01ff-4f9c-9dc6-cf1e06287f5d
2024-09-11 09:11:17.969065	2024-09-11 09:11:17.969075	pidref	16152270X	R	rec	17841d88-59e4-4a7c-bcc5-7995eaadfff4
2024-09-11 09:11:18.034735	2024-09-11 09:11:18.034745	pidref	161522718	R	rec	57c3f157-824d-485d-bffc-5ff5ed2abff8
2024-09-11 09:11:18.110307	2024-09-11 09:11:18.110313	pidref	161930069	R	rec	019a6988-febe-4d13-95b3-85ae2c6c77dd
2024-09-11 09:11:18.159731	2024-09-11 09:11:18.15974	pidref	162029667	R	rec	a7032dbf-81b8-41bd-9347-de95e659712f
2024-09-11 09:11:18.225137	2024-09-11 09:11:18.225143	pidref	162144342	R	rec	9c8cabc3-b840-4094-a362-6872e1c30f90
2024-09-11 09:11:18.28161	2024-09-11 09:11:18.281619	pidref	163687536	R	rec	e358d013-10c2-4522-ade0-f6bf2a31ee68
2024-09-11 09:11:18.349985	2024-09-11 09:11:18.349994	pidref	165827157	R	rec	26c869d8-c497-4274-bd45-a7c6e28d030e
2024-09-11 09:11:18.413524	2024-09-11 09:11:18.413534	pidref	169621820	R	rec	bdb0bcae-c494-48d6-b4fa-39e41a3a7d78
2024-09-11 09:11:18.480285	2024-09-11 09:11:18.480297	pidref	171128362	R	rec	43b0a2e9-2f8b-46d9-b2f0-5c6fccf85635
2024-09-11 09:11:18.550926	2024-09-11 09:11:18.550936	pidref	175270147	R	rec	0c980d1f-8045-475b-bb28-283de6ba9714
2024-09-11 09:11:18.60809	2024-09-11 09:11:18.608095	pidref	176470875	R	rec	3666b4e7-203e-4614-b61c-acf6c10dfcf9
2024-09-11 09:11:18.673841	2024-09-11 09:11:18.673851	pidref	177159855	R	rec	282ab73f-0352-4e6c-b324-13003a6e72b8
2024-09-11 09:11:18.742074	2024-09-11 09:11:18.742086	pidref	177517506	R	rec	c73b42b0-b057-46d9-a51d-1fd852f83ab5
2024-09-11 09:11:18.816328	2024-09-11 09:11:18.816341	pidref	177835893	R	rec	83763327-bea9-48ca-8cb5-2adc8a59b339
2024-09-11 09:11:18.883006	2024-09-11 09:11:18.883016	pidref	178091219	R	rec	94dc9dfd-51f5-4982-967a-9020b3942c2a
2024-09-11 09:11:18.942178	2024-09-11 09:11:18.942191	pidref	178635863	R	rec	e692acfb-9278-43ef-98b9-9b119f8958ad
2024-09-11 09:11:19.013153	2024-09-11 09:11:19.013164	pidref	18055686X	R	rec	fd47115c-325f-4f72-8f96-887e294694e3
2024-09-11 09:11:19.079073	2024-09-11 09:11:19.079085	pidref	183926943	R	rec	f4c83801-2dac-49ec-acc6-6b92fef9f765
2024-09-11 09:11:19.131975	2024-09-11 09:11:19.131985	pidref	184504872	R	rec	1e8d9912-cfab-42ee-a56e-d9f70c4b4453
2024-09-11 09:11:19.208281	2024-09-11 09:11:19.208286	pidref	185130348	R	rec	92e2ec8f-e0e0-4d60-a2a9-f77e841e5b6b
2024-09-11 09:11:19.281864	2024-09-11 09:11:19.281869	pidref	185838235	R	rec	32ae706d-7b24-4984-9d9f-c9a2c2c665bc
2024-09-11 09:11:19.342931	2024-09-11 09:11:19.342942	pidref	186257287	R	rec	180ab4c8-dabc-4233-af2a-57ea3342193d
2024-09-11 09:11:19.411445	2024-09-11 09:11:19.411457	pidref	188234837	R	rec	15ba4357-59db-4835-8a7e-448214de1139
2024-09-11 09:11:19.470326	2024-09-11 09:11:19.470336	pidref	190533889	R	rec	c3a9df9e-4092-4a31-bfb0-26064aa67f45
2024-09-11 09:11:19.533231	2024-09-11 09:11:19.533237	pidref	192765531	R	rec	aeabd2ba-7a22-4757-864d-47565ea478ab
2024-09-11 09:11:19.596104	2024-09-11 09:11:19.596109	pidref	193304767	R	rec	ed865952-4fb5-4bb3-931c-c0be7af5d3ce
2024-09-11 09:11:19.655827	2024-09-11 09:11:19.655837	pidref	193589370	R	rec	a21c3765-38ba-4cf7-b240-8e6c674d5908
2024-09-11 09:11:19.715605	2024-09-11 09:11:19.715609	pidref	194382206	R	rec	5e48d483-8d84-4261-9f01-3d958eed09ad
2024-09-11 09:11:19.761551	2024-09-11 09:11:19.761557	pidref	196449103	R	rec	23a81b62-2b46-43d7-bd70-9076e86f856e
2024-09-11 09:11:19.81859	2024-09-11 09:11:19.818596	pidref	197647235	R	rec	af4e4d70-29db-4504-a8b3-698da0d646bd
2024-09-11 09:11:19.880242	2024-09-11 09:11:19.880253	pidref	197699855	R	rec	f6d5b8a3-394a-4905-977e-1b1732746c60
2024-09-11 09:11:19.958909	2024-09-11 09:11:19.95892	pidref	19787133X	R	rec	be0fe78b-74fe-4deb-ace1-d834d7803a6e
2024-09-11 09:11:20.025622	2024-09-11 09:11:20.025633	pidref	198026072	R	rec	3f0b0d32-4e0e-400b-bfd0-2835e0232414
2024-09-11 09:11:20.087741	2024-09-11 09:11:20.087751	pidref	198231288	R	rec	6fe0b4f1-62c7-4b41-8551-5bb9942a024a
2024-09-11 09:11:20.154072	2024-09-11 09:11:20.154082	pidref	198239386	R	rec	54b66e4d-7513-46a6-b124-ab9c7cbf3361
2024-09-11 09:11:20.22349	2024-09-11 09:11:20.223495	pidref	201852845	R	rec	54eb43e5-e7cc-42de-944d-d4d60c035af0
2024-09-11 09:11:20.290308	2024-09-11 09:11:20.290319	pidref	203060571	R	rec	8565560a-aaef-452a-a034-b70c6950477b
2024-09-11 09:11:20.357275	2024-09-11 09:11:20.35728	pidref	203376552	R	rec	ed20ab86-6dfb-4c3d-843b-8ff6ffb86ac7
2024-09-11 09:11:20.415109	2024-09-11 09:11:20.415119	pidref	204299276	R	rec	f4e12144-946e-4197-a10c-f4f9529931e4
2024-09-11 09:11:20.481156	2024-09-11 09:11:20.481167	pidref	219922608	R	rec	51acd48a-12e3-4762-9571-62e445e07030
2024-09-11 09:11:20.541993	2024-09-11 09:11:20.542002	pidref	219924074	R	rec	e47fab25-6d3f-4a41-a14e-acf7aeb433f7
2024-09-11 09:11:20.608565	2024-09-11 09:11:20.60857	pidref	219925283	R	rec	520c7978-5dab-4cd6-b0d8-eb1498e67376
2024-09-11 09:11:20.681768	2024-09-11 09:11:20.681784	pidref	22395294X	R	rec	ebac3337-5298-421a-9549-4cbee9673d30
2024-09-11 09:11:20.737086	2024-09-11 09:11:20.737091	pidref	223976369	R	rec	cd19d1fa-ee0a-4553-9064-e8f0dbb7fbf7
2024-09-11 09:11:20.788759	2024-09-11 09:11:20.788769	pidref	223979171	R	rec	d28dc6f2-82e5-4067-bfa9-1bcc795a9579
2024-09-11 09:11:20.854245	2024-09-11 09:11:20.854256	pidref	224235893	R	rec	a96be497-2fda-4014-a70e-0bc82c8e96a5
2024-09-11 09:11:20.927257	2024-09-11 09:11:20.927263	pidref	225651289	R	rec	200bad5e-6926-4d83-9f14-fae9611ce3ea
2024-09-11 09:11:20.993178	2024-09-11 09:11:20.993187	pidref	226539962	R	rec	483d7e05-06c0-4583-be0a-9f7ce381f1d4
2024-09-11 09:11:21.049124	2024-09-11 09:11:21.049129	pidref	226556425	R	rec	d5396ad1-3383-456b-b755-3a64065a89ea
2024-09-11 09:11:21.108209	2024-09-11 09:11:21.108216	pidref	226664414	R	rec	4dd06cc8-bffc-45ba-96d4-7a5db89d02b6
2024-09-11 09:11:21.157867	2024-09-11 09:11:21.157874	pidref	226835391	R	rec	4410582e-5eb0-45e2-9a62-f2a986f56205
2024-09-11 09:11:21.219947	2024-09-11 09:11:21.219952	pidref	226964558	R	rec	c314edbb-bdb0-4730-b191-4f42a9c251db
2024-09-11 09:11:21.280626	2024-09-11 09:11:21.280631	pidref	230294707	R	rec	add04c6a-b6c9-4dfe-ae92-cbd0d5400ac4
2024-09-11 09:11:21.334077	2024-09-11 09:11:21.334088	pidref	231217161	R	rec	3c1a3d9c-ea58-48cf-976a-96a61fa0e3fb
2024-09-11 09:11:21.399127	2024-09-11 09:11:21.399138	pidref	231498829	R	rec	6ceaf4b7-fc51-4f05-8b99-caaef634b45c
2024-09-11 09:11:21.452765	2024-09-11 09:11:21.452771	pidref	233055045	R	rec	9cf13b3f-bca5-439c-a7f5-2350d3c5b44c
2024-09-11 09:11:21.51507	2024-09-11 09:11:21.51508	pidref	237826763	R	rec	9b463627-70fb-4218-861b-f198d9923a5f
2024-09-11 09:11:21.595451	2024-09-11 09:11:21.595457	pidref	242868851	R	rec	6f3f6ea8-e04d-4740-a2dd-0b85f7bab274
2024-09-11 09:11:21.66173	2024-09-11 09:11:21.661742	pidref	250173565	R	rec	53ecf349-74ca-49a2-a98f-45452de3a43e
2024-09-11 09:11:21.725714	2024-09-11 09:11:21.72572	pidref	250748533	R	rec	16548455-2101-4fac-9578-4266a203a9bd
2024-09-11 09:11:21.801094	2024-09-11 09:11:21.801099	pidref	253709520	R	rec	99203a78-af04-49ae-9836-c49002229e2e
2024-09-11 09:11:21.855445	2024-09-11 09:11:21.855454	pidref	253865727	R	rec	fd8c9118-2947-4106-814a-0c9305629fa1
2024-09-11 09:11:21.911201	2024-09-11 09:11:21.911212	pidref	254939422	R	rec	c582ade6-a172-4d2d-a4c5-1b34c9c19845
2024-09-11 09:11:21.974557	2024-09-11 09:11:21.974567	pidref	255076592	R	rec	e13f8792-9662-48c9-881b-08eab796b060
2024-09-11 09:11:22.044136	2024-09-11 09:11:22.044151	pidref	25527999X	R	rec	f826d283-59aa-4d51-b8a2-e6e2c2c8b56d
2024-09-11 09:11:22.105954	2024-09-11 09:11:22.105958	pidref	256800375	R	rec	f48f30a2-f137-44f4-8a05-c7871b3d86d9
2024-09-11 09:11:22.165328	2024-09-11 09:11:22.165339	pidref	257056378	R	rec	ad2c9b3f-9686-4c84-8e2f-d4955ac99fbb
2024-09-11 09:11:22.227789	2024-09-11 09:11:22.227799	pidref	257143025	R	rec	8120b3db-1fe1-4e67-af7f-9c80d397b37d
2024-09-11 09:11:22.300049	2024-09-11 09:11:22.300059	pidref	257162895	R	rec	668f455d-bbb6-44d7-ac12-51fe802dcb70
2024-09-11 09:11:22.373886	2024-09-11 09:11:22.373897	pidref	257475117	R	rec	f1d82feb-19ab-436f-aac0-43a62838b7e0
2024-09-11 09:11:22.448556	2024-09-11 09:11:22.448567	pidref	258360976	R	rec	dc69a92a-701f-4003-b77c-15c2de2c5144
2024-09-11 09:11:22.51678	2024-09-11 09:11:22.516791	pidref	25887421X	R	rec	f15c0a4f-2d54-48a3-b22c-4ab16ce38ab4
2024-09-11 09:11:22.58687	2024-09-11 09:11:22.586875	pidref	260281395	R	rec	3593ba89-a0ff-42fd-a970-aa87c7fac9f8
2024-09-11 09:11:22.63561	2024-09-11 09:11:22.635619	pidref	260555088	R	rec	9c6273e4-e68a-4582-8646-64dc242d1330
2024-09-11 09:11:22.697224	2024-09-11 09:11:22.697235	pidref	260905585	R	rec	764929e4-72b5-47cb-bf87-ce777def9411
2024-09-11 09:11:22.750262	2024-09-11 09:11:22.750274	pidref	260966401	R	rec	fb5437c4-11d9-48f0-87fd-31fb657d2727
2024-09-11 09:11:22.821485	2024-09-11 09:11:22.821496	pidref	260996440	R	rec	903749a7-1617-40df-bb73-39d6011bcb20
2024-09-11 09:11:22.881699	2024-09-11 09:11:22.881709	pidref	261121162	R	rec	9f497149-1e35-4afe-8e5b-020432bae011
2024-09-11 09:11:22.945179	2024-09-11 09:11:22.945189	pidref	26138449X	R	rec	5adea384-bdce-4501-bc6e-1e056b14589e
2024-09-11 09:11:23.014632	2024-09-11 09:11:23.014638	pidref	26144722X	R	rec	3cdab8bf-3d98-4faf-bfe0-0390640f29ca
2024-09-11 09:11:23.084498	2024-09-11 09:11:23.084508	pidref	261527452	R	rec	4d77c80f-eddf-4c5e-9419-84c46a0947bf
2024-09-11 09:11:23.155965	2024-09-11 09:11:23.155974	pidref	261762311	R	rec	e39b7036-916a-4f7c-b95a-f063ebc4b86a
2024-09-11 09:11:23.228623	2024-09-11 09:11:23.228628	pidref	261933841	R	rec	853db577-a717-43a8-a8cf-10073ccf458b
2024-09-11 09:11:23.316917	2024-09-11 09:11:23.316922	pidref	262216744	R	rec	d3b62bc1-7ded-413b-bd31-a0864d6baa09
2024-09-11 09:11:23.363442	2024-09-11 09:11:23.363448	pidref	262555697	R	rec	6578d766-ca1e-44e5-b316-e31e901dd7ae
2024-09-11 09:11:23.478801	2024-09-11 09:11:23.478807	pidref	262557215	R	rec	9b6b1abb-be45-4796-b733-cd341d699f19
2024-09-11 09:11:23.526675	2024-09-11 09:11:23.52668	pidref	262767619	R	rec	684948ab-3528-4947-baf9-b49e4146d47e
2024-09-11 09:11:23.572734	2024-09-11 09:11:23.572739	pidref	262834162	R	rec	3925b39c-3bce-4634-9e40-9a6917c27ec8
2024-09-11 09:11:23.618755	2024-09-11 09:11:23.618761	pidref	26298606X	R	rec	4d59e843-b022-4f76-ba20-3c8620dcdc29
2024-09-11 09:11:23.666376	2024-09-11 09:11:23.666381	pidref	263043231	R	rec	57190b84-0344-49ff-a1ed-d6f7daba69a6
2024-09-11 09:11:23.712346	2024-09-11 09:11:23.712349	pidref	26304324X	R	rec	26037639-010e-477b-aa9f-13c2c9dc33a8
2024-09-11 09:11:23.766852	2024-09-11 09:11:23.766857	pidref	26304338X	R	rec	32279c33-de33-4c91-bcc5-f8b2272332d4
2024-09-11 09:11:23.818959	2024-09-11 09:11:23.818965	pidref	263197794	R	rec	8b5a5a5f-9cf3-470a-8c99-386247ec215f
2024-09-11 09:11:23.871375	2024-09-11 09:11:23.871386	pidref	263222985	R	rec	75ec2cd3-c291-41ef-8ab3-f95812edc357
2024-09-11 09:11:23.934309	2024-09-11 09:11:23.934319	pidref	263256790	R	rec	647fbf0f-ad8d-46bf-8627-1b4635e4f2ed
2024-09-11 09:11:23.995722	2024-09-11 09:11:23.995733	pidref	26369514X	R	rec	fa228136-04ed-4fd1-ace7-17b169deb0fe
2024-09-11 09:11:24.08865	2024-09-11 09:11:24.088655	pidref	263838250	R	rec	352954ae-5b71-4d38-8eb4-3e21dfa32247
2024-09-11 09:11:24.146048	2024-09-11 09:11:24.146059	pidref	264073258	R	rec	f2ddeb69-45b1-4ff0-9b23-bc6b543ceb3f
2024-09-11 09:11:24.212881	2024-09-11 09:11:24.21289	pidref	264087313	R	rec	07f2f8a0-2f07-4e32-abf1-1d8969396056
2024-09-11 09:11:24.294394	2024-09-11 09:11:24.294404	pidref	264145046	R	rec	bfd8b113-6890-4fe9-a930-e58440be2602
2024-09-11 09:11:24.360708	2024-09-11 09:11:24.360719	pidref	264271831	R	rec	a7aa4e4f-887d-4bc4-bd45-f7e53da050f8
2024-09-11 09:11:24.429275	2024-09-11 09:11:24.42928	pidref	264406095	R	rec	da3de3c4-d9a9-4157-bb4e-785c839e6dc7
2024-09-11 09:11:24.489337	2024-09-11 09:11:24.489348	pidref	264435583	R	rec	900e58f8-96d6-4b5b-9bbc-499c445ef46f
2024-09-11 09:11:24.554008	2024-09-11 09:11:24.554013	pidref	264538943	R	rec	c071c3cf-450a-4914-bb94-b9f9ab19d722
2024-09-11 09:11:24.620249	2024-09-11 09:11:24.620258	pidref	264540670	R	rec	6e504a63-101f-4a02-984d-f0c97d9b8353
2024-09-11 09:11:24.689735	2024-09-11 09:11:24.689745	pidref	264600886	R	rec	7457c4cf-c61c-4b88-954c-bdcfd3f4ed16
2024-09-11 09:11:24.736423	2024-09-11 09:11:24.736428	pidref	264644093	R	rec	81c075b4-1714-47cc-bd09-09cd5aac7cec
2024-09-11 09:11:24.79325	2024-09-11 09:11:24.793259	pidref	264645081	R	rec	1450b5e7-6383-4314-9f46-b74bdd4d5358
2024-09-11 09:11:24.851443	2024-09-11 09:11:24.851454	pidref	264836251	R	rec	551e0b30-60c5-4b0c-9f54-61b9f35e8f3d
2024-09-11 09:11:24.909257	2024-09-11 09:11:24.909268	pidref	265364957	R	rec	4e42ccae-5eb3-4df7-82e8-13b0e86a3995
2024-09-11 09:11:24.97603	2024-09-11 09:11:24.97604	pidref	26588912X	R	rec	95066c5a-644c-47dc-84ef-d9c57ccc3142
2024-09-11 09:11:25.039338	2024-09-11 09:11:25.039348	pidref	266633668	R	rec	bb82ecea-7c32-4125-9e90-aff3d037b31f
2024-09-11 09:11:25.098702	2024-09-11 09:11:25.098708	pidref	26663415X	R	rec	34129179-07bf-443f-832a-90c314337c0e
2024-09-11 09:11:25.148608	2024-09-11 09:11:25.148613	pidref	266656595	R	rec	ca22a624-5daa-4446-abde-ed59cb57d44b
2024-09-11 09:11:25.200426	2024-09-11 09:11:25.200436	pidref	26665715X	R	rec	948c58d7-9c75-4e79-8bb9-34664ed5239d
2024-09-11 09:11:25.309072	2024-09-11 09:11:25.309083	pidref	267209568	R	rec	347430e8-bbd9-4241-913f-d23f371086da
2024-09-11 09:11:25.372189	2024-09-11 09:11:25.372199	pidref	26722138X	R	rec	6640a51f-f738-4b26-b858-8e7a4ad3fcce
2024-09-11 09:11:25.436753	2024-09-11 09:11:25.436762	pidref	267421214	R	rec	540b9c3c-7c44-474f-85d5-4a7385ed3bb8
2024-09-11 09:11:25.500175	2024-09-11 09:11:25.50018	pidref	267446713	R	rec	b8cbf186-d9f1-4222-9ef8-526772176ae5
2024-09-11 09:11:25.554029	2024-09-11 09:11:25.55404	pidref	267488092	R	rec	d82a7aa8-0fad-4fe5-9cae-f2620ddb47a0
2024-09-11 09:11:25.631826	2024-09-11 09:11:25.631835	pidref	267506589	R	rec	05bf9b49-b35b-4121-928b-a99ca146da05
2024-09-11 09:11:25.701674	2024-09-11 09:11:25.701684	pidref	267678584	R	rec	22c40b1c-9bff-467f-b1a4-c4cf93209ee1
2024-09-11 09:11:25.759379	2024-09-11 09:11:25.75939	pidref	267860048	R	rec	c619af83-13b6-4253-b1ae-5e835ad2731b
2024-09-11 09:11:25.820424	2024-09-11 09:11:25.820434	pidref	26792237X	R	rec	146c92b1-96fe-47e4-84c5-f29f040fd028
2024-09-11 09:11:25.893527	2024-09-11 09:11:25.893536	pidref	267928262	R	rec	1dc22854-b1e8-42bd-8eb0-2d6cfb2c2d2b
2024-09-11 09:11:25.954466	2024-09-11 09:11:25.954476	pidref	268500460	R	rec	b1eae887-6208-4209-a24c-fd64b7cf5c40
2024-09-11 09:11:26.029471	2024-09-11 09:11:26.029482	pidref	268649472	R	rec	d933dab7-acf4-4158-a5bb-6a4541e314ea
2024-09-11 09:11:26.097355	2024-09-11 09:11:26.097366	pidref	268664110	R	rec	09059ce1-dc4c-4a25-a00e-8fc014964949
2024-09-11 09:11:26.149758	2024-09-11 09:11:26.149769	pidref	268664447	R	rec	751ee785-8594-49d0-b1a1-06bd80ba4046
2024-09-11 09:11:26.208664	2024-09-11 09:11:26.20867	pidref	268666938	R	rec	3b3f897c-72ee-4b8b-8d72-474d9a7a91ec
2024-09-11 09:11:26.268345	2024-09-11 09:11:26.268355	pidref	268735190	R	rec	3c406268-c5cc-46b8-bb43-a27a19ea9166
2024-09-11 09:11:26.343928	2024-09-11 09:11:26.343938	pidref	268791694	R	rec	037db6b7-2fe9-4819-9004-ffb251d0ab4e
2024-09-11 09:11:26.41202	2024-09-11 09:11:26.41203	pidref	268793948	R	rec	e1afb941-f89b-499f-8f2b-be5b92441a8f
2024-09-11 09:11:26.481212	2024-09-11 09:11:26.481234	pidref	269784136	R	rec	7b9e32b8-03ba-40c3-82af-c0b3db2c7d4e
2024-09-11 09:11:26.544269	2024-09-11 09:11:26.544279	pidref	270059482	R	rec	b284aacb-54d9-4e59-89e7-4c5993d49c60
2024-09-11 09:11:26.609598	2024-09-11 09:11:26.609603	pidref	270977848	R	rec	3ddfd6bd-817c-44f9-8292-4d36f678b15a
2024-09-11 09:11:26.660743	2024-09-11 09:11:26.660756	pidref	271120738	R	rec	f3981060-18ed-46d0-932f-5737417b7117
2024-09-11 09:11:26.714393	2024-09-11 09:11:26.714398	pidref	271160926	R	rec	c4ef1589-8e0f-4646-b07e-ab1f9127682f
2024-09-11 09:11:26.766583	2024-09-11 09:11:26.766594	pidref	271161957	R	rec	b5a53d1d-11b1-415d-9a9c-611cc00d2f8d
2024-09-11 09:11:26.829181	2024-09-11 09:11:26.829192	pidref	271166118	R	rec	47850457-20af-4822-96ab-1651aff9929c
2024-09-11 09:11:26.889191	2024-09-11 09:11:26.889201	pidref	271323485	R	rec	b0b40c82-c6d8-44a9-b4f0-d02f54c18ec8
2024-09-11 09:11:26.959856	2024-09-11 09:11:26.959862	pidref	271323515	R	rec	29efbdfd-5c4f-4efe-9380-9b4d3decbeb9
2024-09-11 09:11:27.035668	2024-09-11 09:11:27.035678	pidref	271323590	R	rec	e4a5ac80-d7fd-4b73-ba4d-8409b497f210
2024-09-11 09:11:27.108081	2024-09-11 09:11:27.108086	pidref	271323663	R	rec	99b90a11-9c0f-4117-a065-13c72c725681
2024-09-11 09:11:27.169727	2024-09-11 09:11:27.169733	pidref	271323698	R	rec	46d3bdba-a7bc-48e7-8c30-2d9f05f57702
2024-09-11 09:11:27.231209	2024-09-11 09:11:27.231214	pidref	271323752	R	rec	445cb433-7420-48f5-bb0f-2b43f9934c18
2024-09-11 09:11:27.298883	2024-09-11 09:11:27.298894	pidref	271326441	R	rec	599edceb-ddff-4770-8481-b3a69f2b1326
2024-09-11 09:11:27.372761	2024-09-11 09:11:27.372773	pidref	271326840	R	rec	5ca9d725-f266-4f04-baef-28e481906a25
2024-09-11 09:11:27.448454	2024-09-11 09:11:27.448466	pidref	271328762	R	rec	3ec78717-04d7-4eaa-aadc-a8534ce69074
2024-09-11 09:11:27.520745	2024-09-11 09:11:27.520756	pidref	271342889	R	rec	9f1817bd-5d50-4371-97bd-bb3bc8dcf969
2024-09-11 09:11:27.586321	2024-09-11 09:11:27.586334	pidref	271347821	R	rec	4fca6de5-5ead-466b-868d-7466c3241491
2024-09-11 09:11:27.640639	2024-09-11 09:11:27.640651	pidref	271377445	R	rec	cc2604a2-6b10-4cff-a5a4-d103a1af7bd8
2024-09-11 09:11:27.703245	2024-09-11 09:11:27.703252	pidref	271529172	R	rec	62c08004-7f69-4516-8f88-90462aefa462
2024-09-11 09:11:27.759735	2024-09-11 09:11:27.759747	pidref	271733764	R	rec	b251008a-d4e7-42dc-937c-651a6102b1dc
2024-09-11 09:11:27.821738	2024-09-11 09:11:27.821743	pidref	271786574	R	rec	3454a976-cef5-452a-9ebd-a0922b59ea71
2024-09-11 09:11:27.877636	2024-09-11 09:11:27.877645	pidref	272053430	R	rec	ff07e3b0-9884-46ed-b80a-561a071131bd
2024-09-11 09:11:27.942617	2024-09-11 09:11:27.942629	pidref	272179213	R	rec	2d94cd3e-af3e-4a6c-8ed8-bd33ccfd7a76
2024-09-11 09:11:27.99565	2024-09-11 09:11:27.995656	pidref	272823627	R	rec	968df511-677c-478f-984d-09aa64c67f4f
2024-09-11 09:11:28.066309	2024-09-11 09:11:28.06632	pidref	273580728	R	rec	af140566-58ac-4c8f-bbb7-318469e27ac6
2024-09-11 09:11:28.133691	2024-09-11 09:11:28.133701	pidref	275775569	R	rec	6d752174-0a05-4d1a-94ae-612cc042a004
2024-09-11 09:11:28.210525	2024-09-11 09:11:28.210531	pidref	276090829	R	rec	4a0b19bc-6e01-46fa-b047-2ce476c3c5a7
2024-09-11 09:11:28.269005	2024-09-11 09:11:28.26901	pidref	27609266X	R	rec	4fca43ed-8ef9-44ba-b393-a9243a075505
2024-09-11 09:11:28.336354	2024-09-11 09:11:28.336359	pidref	276092945	R	rec	861f7e71-7caf-4cf4-a5c9-0a560672af53
2024-09-11 09:11:28.403613	2024-09-11 09:11:28.403622	pidref	276180232	R	rec	412aa830-13c4-42f3-9c0b-059f2c02a153
2024-09-11 09:11:28.493651	2024-09-11 09:11:28.493657	pidref	276183762	R	rec	8894df95-984d-4dd5-8ecc-b286200d7ed7
2024-09-11 09:11:28.545784	2024-09-11 09:11:28.545794	pidref	276185986	R	rec	541fabf2-6b3f-4a20-9edc-8a76a936e9fe
2024-09-11 09:11:28.610286	2024-09-11 09:11:28.61029	pidref	276213939	R	rec	f3228eb6-a7b1-4771-8b8b-d0e68ec97bfb
2024-09-11 09:11:28.658094	2024-09-11 09:11:28.658105	pidref	276214129	R	rec	ba1da505-b81d-4649-9157-3cddceb38f16
2024-09-11 09:11:28.723123	2024-09-11 09:11:28.723128	pidref	276214463	R	rec	43eb64d2-5582-4936-be2c-ac39e3415112
2024-09-11 09:11:28.779354	2024-09-11 09:11:28.779365	pidref	27621675X	R	rec	e4970d24-93a5-4607-bb5b-0b49dffa8828
2024-09-11 09:11:28.843836	2024-09-11 09:11:28.843846	pidref	276271890	R	rec	88be1c38-f72d-4d76-a9d5-6ed8c7244db5
2024-09-11 09:11:28.905879	2024-09-11 09:11:28.90589	pidref	276300882	R	rec	af7d1de5-0784-4dfe-ab25-8b088e907440
2024-09-11 09:11:28.971889	2024-09-11 09:11:28.971895	pidref	276306651	R	rec	e4061e68-442a-4259-ae4d-e9665a8117e5
2024-09-11 09:11:29.030698	2024-09-11 09:11:29.030704	pidref	276398157	R	rec	1c210c61-bab8-4e31-9816-adaf65bc5380
2024-09-11 09:11:29.094713	2024-09-11 09:11:29.094722	pidref	276510216	R	rec	026a4eff-27ad-44f4-bdb2-d12aef1a7c6a
2024-09-11 09:11:29.148247	2024-09-11 09:11:29.148253	pidref	276534921	R	rec	9a0f53ed-8f80-45e1-8268-12dcd88a0426
2024-09-11 09:11:29.210114	2024-09-11 09:11:29.210124	pidref	276626370	R	rec	cd92fc87-da66-424a-898c-b3e5d08287ac
2024-09-11 09:11:29.269345	2024-09-11 09:11:29.269359	pidref	276637674	R	rec	57788265-4bbc-4d1c-bea1-f560a9c2b5fd
2024-09-11 09:11:29.337814	2024-09-11 09:11:29.337824	pidref	276708083	R	rec	6aa65c7e-8a0f-43ed-bf96-68e4169ac569
2024-09-11 09:11:29.407221	2024-09-11 09:11:29.407232	pidref	276783743	R	rec	d9823037-f22d-4f4b-b82e-a6166209ad58
2024-09-11 09:11:29.467019	2024-09-11 09:11:29.46703	pidref	27678832X	R	rec	fab47269-e4a1-476e-b8ea-f7acc43df6bb
2024-09-11 09:11:29.523309	2024-09-11 09:11:29.523315	pidref	276828984	R	rec	712fe060-6ba6-43a4-87ac-285ed81b26cb
2024-09-11 09:11:29.595074	2024-09-11 09:11:29.595078	pidref	276944135	R	rec	201a86b1-53dd-4139-b393-984abed393ea
2024-09-11 09:11:29.648937	2024-09-11 09:11:29.648947	pidref	276970950	R	rec	6e294e82-00ec-4e7f-af1d-af9b79f16eb9
2024-09-11 09:11:29.715082	2024-09-11 09:11:29.715087	pidref	277221307	R	rec	2bc641fe-1c3f-45fb-9ac5-884f92e399c9
2024-09-11 09:11:29.782374	2024-09-11 09:11:29.782385	pidref	27727382X	R	rec	cac73230-8829-4c8e-b81d-7547f61ea2b4
2024-09-11 09:11:29.84205	2024-09-11 09:11:29.84206	pidref	277473284	R	rec	b684bf01-9e24-4b58-8dbe-461ddf55fb28
2024-09-11 09:11:29.912153	2024-09-11 09:11:29.912164	pidref	278628117	R	rec	fbce0a4e-2ce2-469e-bc7e-7fff8d47f294
2024-09-11 09:11:29.974081	2024-09-11 09:11:29.974091	pidref	278728596	R	rec	8371a5ba-7098-403f-86fc-4184c80a8f27
2024-09-11 09:11:30.033231	2024-09-11 09:11:30.033241	pidref	278738230	R	rec	9c1b6266-d127-4a79-9901-85935d51e8aa
2024-09-11 09:11:30.095867	2024-09-11 09:11:30.095877	pidref	278747310	R	rec	1df993ee-a54b-45c4-8b40-e3e462fded38
2024-09-11 09:11:30.14906	2024-09-11 09:11:30.14907	pidref	278850650	R	rec	820a1cdf-409f-4415-9267-1a77dec238d1
2024-09-11 09:11:30.213768	2024-09-11 09:11:30.213774	pidref	278893899	R	rec	375f5631-1141-4f06-9682-d1a2786762fa
2024-09-11 09:11:30.262951	2024-09-11 09:11:30.26296	pidref	278918964	R	rec	a779a984-bb3a-4292-b177-4230d05eae27
2024-09-11 09:11:30.325575	2024-09-11 09:11:30.325586	pidref	279034989	R	rec	a0da0c2f-8151-4a61-a5a6-6db30650a014
2024-09-11 09:11:30.393934	2024-09-11 09:11:30.393944	pidref	279121369	R	rec	3eb9aa76-8cde-4e86-a2e6-fb51f59d1da2
2024-09-11 09:11:30.454957	2024-09-11 09:11:30.454967	pidref	279128800	R	rec	f2874641-aee0-4691-a4c9-9aacf39ffdb8
2024-09-11 09:11:30.524649	2024-09-11 09:11:30.524658	pidref	27912886X	R	rec	b32c75a0-312d-4d4e-9e3c-e36f02125802
2024-09-11 09:11:30.597082	2024-09-11 09:11:30.597092	pidref	279128959	R	rec	dd7aec85-555f-41e3-8093-661144ae4156
2024-09-11 09:11:30.654325	2024-09-11 09:11:30.654335	pidref	279129467	R	rec	d70d58e6-a7df-4675-9d68-fca53d9802fc
2024-09-11 09:11:30.717311	2024-09-11 09:11:30.717316	pidref	279129912	R	rec	5e32a10b-1d2b-4a14-957d-1107c911f58a
2024-09-11 09:11:30.766664	2024-09-11 09:11:30.76667	pidref	279129920	R	rec	4044b088-0617-48d7-8ab1-e106fd46df15
2024-09-11 09:11:30.830038	2024-09-11 09:11:30.830049	pidref	279130252	R	rec	558d0d6a-0b93-4cca-beab-42140502a160
2024-09-11 09:11:30.898921	2024-09-11 09:11:30.89893	pidref	279131321	R	rec	4fc9575d-556a-4718-915f-bed68ccdf3dd
2024-09-11 09:11:30.958288	2024-09-11 09:11:30.958299	pidref	279131356	R	rec	f900ddf0-18e0-4dd7-abe8-7e1795b606ed
2024-09-11 09:11:31.021714	2024-09-11 09:11:31.021725	pidref	27913150X	R	rec	9784add1-bca6-48e2-aafa-316b75c51124
2024-09-11 09:11:31.090796	2024-09-11 09:11:31.090805	pidref	279131593	R	rec	d46081f7-3449-45bf-8178-5be1f1700dec
2024-09-11 09:11:31.145127	2024-09-11 09:11:31.145132	pidref	279132409	R	rec	c0ad3c32-bb89-40a9-9f63-9289a987bd27
2024-09-11 09:11:31.201481	2024-09-11 09:11:31.20149	pidref	279132581	R	rec	ab87dd49-351d-463f-9716-f52fa8f57090
2024-09-11 09:11:31.262151	2024-09-11 09:11:31.262161	pidref	279133782	R	rec	dc83d684-c41c-4d1a-9604-e62572eaab6e
2024-09-11 09:11:31.320667	2024-09-11 09:11:31.320678	pidref	27913438X	R	rec	051e58aa-ee73-41fa-8745-a10d23191aa6
2024-09-11 09:11:31.386467	2024-09-11 09:11:31.386476	pidref	27913469X	R	rec	1343fa2f-16dd-4376-ab96-a0dec98b75b6
2024-09-11 09:11:31.447784	2024-09-11 09:11:31.447793	pidref	279135130	R	rec	5a3ff07d-e9e8-441d-9db8-b7f4271895e0
2024-09-11 09:11:31.507898	2024-09-11 09:11:31.507909	pidref	279135289	R	rec	62cf1627-e379-485f-b131-0bf1d3918c87
2024-09-11 09:11:31.574073	2024-09-11 09:11:31.574079	pidref	279135777	R	rec	187bf11b-51a6-4ef1-a132-5dcbb5130c3b
2024-09-11 09:11:31.625834	2024-09-11 09:11:31.625845	pidref	279135890	R	rec	3ed8653d-f4ba-447e-b877-1a7f30ccd6c2
2024-09-11 09:11:31.685912	2024-09-11 09:11:31.685923	pidref	279136730	R	rec	09ad875a-d8c2-4e15-adce-5ac649934e81
2024-09-11 09:11:31.739053	2024-09-11 09:11:31.739057	pidref	279136900	R	rec	2a30bfef-2790-45b2-8f09-0c0ee7b966c8
2024-09-11 09:11:31.809167	2024-09-11 09:11:31.809178	pidref	279146884	R	rec	498bf2ba-515a-42ee-9199-c9cfc7d576e7
2024-09-11 09:11:31.885954	2024-09-11 09:11:31.885963	pidref	279147546	R	rec	4bbcd30b-c2de-4c03-9f1e-1d4f1db80e77
2024-09-11 09:11:31.948548	2024-09-11 09:11:31.948557	pidref	279147708	R	rec	abe206f7-643a-40c8-b6f6-899c9f9104cf
2024-09-11 09:11:32.019857	2024-09-11 09:11:32.019867	pidref	27914783X	R	rec	eaacf487-bcf9-416e-9f3b-a53141528460
2024-09-11 09:11:32.080664	2024-09-11 09:11:32.080674	pidref	279148232	R	rec	660a8a37-2a54-4938-ac5f-df338e0775fa
2024-09-11 09:11:32.131678	2024-09-11 09:11:32.131683	pidref	279148658	R	rec	63264a83-8150-47d6-bd69-ead9b8839b71
2024-09-11 09:11:32.189689	2024-09-11 09:11:32.189699	pidref	279148739	R	rec	4b743be4-63cd-44fb-ab5e-2810f3a13b1b
2024-09-11 09:11:32.243187	2024-09-11 09:11:32.243199	pidref	279149492	R	rec	93860e4c-1d05-471c-bf02-99da55e4de82
2024-09-11 09:11:32.306315	2024-09-11 09:11:32.306323	pidref	279149522	R	rec	5c12ccfd-eb72-4158-b9c3-d47a1bea27b4
2024-09-11 09:11:32.376579	2024-09-11 09:11:32.376591	pidref	279150350	R	rec	84c28eec-7a5a-4754-a805-b04e24a196e6
2024-09-11 09:11:32.447925	2024-09-11 09:11:32.44794	pidref	279150504	R	rec	ab46d200-0e1d-4135-be09-3d666fcdb511
2024-09-11 09:11:32.507704	2024-09-11 09:11:32.507715	pidref	279150911	R	rec	1f0d63d1-297e-4094-8c7c-f0511b516efc
2024-09-11 09:11:32.569745	2024-09-11 09:11:32.56975	pidref	279150989	R	rec	3dbce565-e500-4766-b441-81bad3590569
2024-09-11 09:11:32.624125	2024-09-11 09:11:32.624131	pidref	279152426	R	rec	fdff24b8-1cd0-4ef9-980d-0b10a8e0f2ec
2024-09-11 09:11:32.673095	2024-09-11 09:11:32.673107	pidref	27915397X	R	rec	3cfd3c4f-f467-4e96-a757-95c959fe2bee
2024-09-11 09:11:32.731146	2024-09-11 09:11:32.731156	pidref	279154097	R	rec	7afa4e64-73b7-4c4b-b4d9-b54d8557c477
2024-09-11 09:11:32.783597	2024-09-11 09:11:32.783602	pidref	279154437	R	rec	cc25c9cb-e4f1-43a5-8546-1cf1cbe7c703
2024-09-11 09:11:32.830169	2024-09-11 09:11:32.830173	pidref	279154488	R	rec	057361a8-fa73-4e4f-9c86-8726daed60ba
2024-09-11 09:11:32.887608	2024-09-11 09:11:32.887619	pidref	279154542	R	rec	7f7d83fe-b9e6-4b8e-9a97-c2672d02cde5
2024-09-11 09:11:32.97089	2024-09-11 09:11:32.970895	pidref	279154593	R	rec	f8602230-8625-46ef-bbd9-9c6be08026a1
2024-09-11 09:11:33.026785	2024-09-11 09:11:33.026797	pidref	279156766	R	rec	ca80c52f-ce77-43af-99ee-7ffef01f777a
2024-09-11 09:11:33.106764	2024-09-11 09:11:33.106775	pidref	279158475	R	rec	047b73ed-b8ce-4a0c-a7f5-058b5c065d67
2024-09-11 09:11:33.158636	2024-09-11 09:11:33.158649	pidref	279158599	R	rec	149408b9-c29c-4ee8-aa3b-103c7305ac87
2024-09-11 09:11:33.219983	2024-09-11 09:11:33.219987	pidref	27915948X	R	rec	123b0070-e71c-43a9-8dfa-93474628ebde
2024-09-11 09:11:33.276098	2024-09-11 09:11:33.276113	pidref	279166303	R	rec	9300a347-f0f5-4f28-a68f-5390d16c992c
2024-09-11 09:11:33.341679	2024-09-11 09:11:33.34169	pidref	279167334	R	rec	50d78321-c7dd-45e5-8556-2f2d1c296d16
2024-09-11 09:11:33.412132	2024-09-11 09:11:33.412143	pidref	27918669X	R	rec	ed9c4e57-e3fb-4c17-9a6f-ff8e5f4f291e
2024-09-11 09:11:33.480032	2024-09-11 09:11:33.480048	pidref	279187610	R	rec	0f53e095-43d6-4a12-b025-6ad1c4ac7a23
2024-09-11 09:11:33.552067	2024-09-11 09:11:33.552082	pidref	279188994	R	rec	bbaa117a-925b-44df-b20f-9edee0933872
2024-09-11 09:11:33.625072	2024-09-11 09:11:33.625077	pidref	279189087	R	rec	9f2a2cf1-fa5a-43c1-9f30-ccb3e73afa8d
2024-09-11 09:11:33.677634	2024-09-11 09:11:33.677644	pidref	279189249	R	rec	f2438348-c51a-49ff-8d41-cf13c26f36b7
2024-09-11 09:11:33.744065	2024-09-11 09:11:33.744069	pidref	279192576	R	rec	0c3c2728-526f-4af3-9cd9-8b33b75a7323
2024-09-11 09:11:33.809886	2024-09-11 09:11:33.809896	pidref	27919269X	R	rec	2d37602d-921b-4f88-83cd-f9fbe87a7ca7
2024-09-11 09:11:33.873666	2024-09-11 09:11:33.873672	pidref	279192800	R	rec	addb65e7-f025-405e-abbf-320a84e7c811
2024-09-11 09:11:33.931502	2024-09-11 09:11:33.931512	pidref	27919305X	R	rec	cb99e306-05d6-46d0-be6f-e3e3459c7c6f
2024-09-11 09:11:33.990741	2024-09-11 09:11:33.990751	pidref	279193092	R	rec	74713df3-caaf-4fd5-95f6-f272897e2847
2024-09-11 09:11:34.058117	2024-09-11 09:11:34.058128	pidref	279193181	R	rec	c1a9f5f1-1cca-4aa3-8bd8-2a6930c083a4
2024-09-11 09:11:34.143386	2024-09-11 09:11:34.143398	pidref	27919336X	R	rec	dca6d57b-2102-4b32-bcf5-7c974ba2db6d
2024-09-11 09:11:34.209321	2024-09-11 09:11:34.20933	pidref	279193750	R	rec	441a05ab-68d9-4156-8487-fecbeb04e557
2024-09-11 09:11:34.272238	2024-09-11 09:11:34.272249	pidref	279199929	R	rec	494ee3f3-1551-48bf-904b-c2533b0e037d
2024-09-11 09:11:34.3354	2024-09-11 09:11:34.33541	pidref	279200471	R	rec	b899d6cd-2fcd-4cbd-9c42-d93f707df3c3
2024-09-11 09:11:34.404951	2024-09-11 09:11:34.404965	pidref	279207646	R	rec	0f4e60f9-697e-49b8-a66f-6427e6eca172
2024-09-11 09:11:34.4772	2024-09-11 09:11:34.477211	pidref	279209592	R	rec	2d02fc41-0387-443a-8f6d-ce0c11766c5f
2024-09-11 09:11:34.54707	2024-09-11 09:11:34.547086	pidref	279209754	R	rec	385929f1-42ed-4d40-b6ab-a09810af8e15
2024-09-11 09:11:34.614477	2024-09-11 09:11:34.614482	pidref	279209886	R	rec	6e774913-c8dd-47bd-9f21-806b95a54140
2024-09-11 09:11:34.664555	2024-09-11 09:11:34.664566	pidref	279210809	R	rec	b6f2dcef-a8d0-418f-a18d-4b550ab82ecd
2024-09-11 09:11:34.722107	2024-09-11 09:11:34.722113	pidref	279211066	R	rec	2911eccb-2e45-42af-98b7-7e3565a62764
2024-09-11 09:11:34.783599	2024-09-11 09:11:34.783604	pidref	279211147	R	rec	079883e2-1b4e-4a6d-b66c-722d3bbcc64a
2024-09-11 09:11:34.855624	2024-09-11 09:11:34.85563	pidref	279214944	R	rec	b4ad433a-0936-462c-9f6c-c8e37e730335
2024-09-11 09:11:34.912023	2024-09-11 09:11:34.912034	pidref	279214960	R	rec	771e365d-eb24-48e2-a487-b9f73a4d0e22
2024-09-11 09:11:34.982582	2024-09-11 09:11:34.982592	pidref	279215142	R	rec	636b39a0-6035-4775-910b-de75e60e4fb3
2024-09-11 09:11:35.046623	2024-09-11 09:11:35.046647	pidref	279215258	R	rec	0df6908f-c00e-4be7-a36c-329dc7736a79
2024-09-11 09:11:35.102902	2024-09-11 09:11:35.102914	pidref	279215347	R	rec	f3e980c4-2f18-4ef2-b4cf-6cdeb51edf03
2024-09-11 09:11:35.156342	2024-09-11 09:11:35.156352	pidref	279219717	R	rec	9277d8f6-5506-40d4-9710-6bba4f46bf08
2024-09-11 09:11:35.217832	2024-09-11 09:11:35.217836	pidref	279221487	R	rec	d49bd565-dcf3-4068-830e-61a70c8b6a0f
2024-09-11 09:11:35.261611	2024-09-11 09:11:35.261616	pidref	279230087	R	rec	60523199-3b3a-4b34-ab12-d123a1d6912d
2024-09-11 09:11:35.317532	2024-09-11 09:11:35.317543	pidref	279231547	R	rec	fb714a3c-ffae-4abb-98e5-633df524b88c
2024-09-11 09:11:35.380888	2024-09-11 09:11:35.380904	pidref	279231679	R	rec	5bb5441e-2475-462c-8b3f-dad4bf4a9ae7
2024-09-11 09:11:35.450433	2024-09-11 09:11:35.450444	pidref	279233493	R	rec	0de753a4-f6b8-427b-a0a5-b4bf469cfc7d
2024-09-11 09:11:35.514674	2024-09-11 09:11:35.514679	pidref	279233639	R	rec	72aebb7a-60cd-4d72-b541-8b6e51faff02
2024-09-11 09:11:35.581743	2024-09-11 09:11:35.581749	pidref	279233752	R	rec	fccad654-196d-41bc-aead-fba48647c538
2024-09-11 09:11:35.64423	2024-09-11 09:11:35.644236	pidref	279236417	R	rec	92e95716-4cd3-4d80-9493-5a0062268ea4
2024-09-11 09:11:35.691561	2024-09-11 09:11:35.691567	pidref	279236611	R	rec	0d44fef9-7e6d-4328-9e19-3a6f4851875c
2024-09-11 09:11:35.738606	2024-09-11 09:11:35.738611	pidref	279236697	R	rec	54558d5d-b8cc-4780-b413-747adaa79cc7
2024-09-11 09:11:35.809573	2024-09-11 09:11:35.809579	pidref	279238037	R	rec	e11c8bbd-2614-413b-80ad-08c7b8c083dc
2024-09-11 09:11:35.86947	2024-09-11 09:11:35.86948	pidref	279245947	R	rec	98c7bcfe-5a94-4e21-981e-dc40dfd0814b
2024-09-11 09:11:35.927679	2024-09-11 09:11:35.927689	pidref	279246358	R	rec	a0493aee-fbb3-4ffe-9e7f-7e6b9b388863
2024-09-11 09:11:35.986641	2024-09-11 09:11:35.986645	pidref	279247060	R	rec	dabb954b-6294-448f-9a3f-990466a34901
2024-09-11 09:11:36.043273	2024-09-11 09:11:36.043279	pidref	279247087	R	rec	d059e5a6-37a1-4a06-9439-3bb58607807b
2024-09-11 09:11:36.1007	2024-09-11 09:11:36.100705	pidref	279247184	R	rec	0245b2d9-5d5a-4a37-ac86-bd213d1fce9b
2024-09-11 09:11:36.147439	2024-09-11 09:11:36.147444	pidref	279248180	R	rec	92f4c54f-0cf2-425f-ad74-1a63b8c88bd2
2024-09-11 09:11:36.204771	2024-09-11 09:11:36.204781	pidref	279248288	R	rec	7641e86e-0a2d-4427-9a37-f128cd9b74a9
2024-09-11 09:11:36.256153	2024-09-11 09:11:36.256161	pidref	279248482	R	rec	9787938b-63e0-48ef-ad22-4a5e9bc2d4c0
2024-09-11 09:11:36.311857	2024-09-11 09:11:36.311863	pidref	279248598	R	rec	cc2af027-71c3-4f34-bdd7-494e25f96ff0
2024-09-11 09:11:36.365395	2024-09-11 09:11:36.365405	pidref	279248792	R	rec	5fe20a17-f338-4dd6-aee6-8ba4a6ecbdbd
2024-09-11 09:11:36.427318	2024-09-11 09:11:36.427329	pidref	279249535	R	rec	e0ac16ab-673a-4997-bb92-5dba1ef75bb0
2024-09-11 09:11:36.490504	2024-09-11 09:11:36.490514	pidref	279250002	R	rec	a84eb956-c7a5-47aa-880d-bbe833af3bde
2024-09-11 09:11:36.555053	2024-09-11 09:11:36.555062	pidref	279250142	R	rec	8229ebb9-b064-4b0c-a413-bf390e2ade59
2024-09-11 09:11:36.619183	2024-09-11 09:11:36.619188	pidref	279253001	R	rec	e8bd06e5-2f13-42d1-81f0-4a350c87e8a2
2024-09-11 09:11:36.666145	2024-09-11 09:11:36.66615	pidref	279255381	R	rec	c113fda3-4c71-4d44-8c64-e5e7b86648e4
2024-09-11 09:11:36.734108	2024-09-11 09:11:36.734113	pidref	279255519	R	rec	22ccb92f-1dd8-4131-a3bf-37f415c2e54c
2024-09-11 09:11:36.784488	2024-09-11 09:11:36.784494	pidref	279256337	R	rec	a41ff0c4-30a5-4726-ac11-21bde0c30c27
2024-09-11 09:11:36.840707	2024-09-11 09:11:36.840718	pidref	279256434	R	rec	d60e9bb8-cd2f-4791-bbbf-dc8bd68343af
2024-09-11 09:11:36.905459	2024-09-11 09:11:36.90547	pidref	279256574	R	rec	7f0b5a36-e4b9-48ed-9339-455a802f3058
2024-09-11 09:11:36.967425	2024-09-11 09:11:36.967436	pidref	279256647	R	rec	9288f48c-f5cf-4466-9640-b137a1c12359
2024-09-11 09:11:37.027526	2024-09-11 09:11:37.027538	pidref	279257120	R	rec	0c68e169-ea21-4f7d-af3a-dd25f4bc987c
2024-09-11 09:11:37.09498	2024-09-11 09:11:37.094991	pidref	279263864	R	rec	50421239-460e-4e82-a7b2-b0b235fc81a8
2024-09-11 09:11:37.14512	2024-09-11 09:11:37.145126	pidref	279264410	R	rec	febadda7-01da-4f29-8b6e-8f6822e9d6b0
2024-09-11 09:11:37.203498	2024-09-11 09:11:37.203507	pidref	279288743	R	rec	1a075145-bd2e-474e-b3e1-351df21731ce
2024-09-11 09:11:37.261201	2024-09-11 09:11:37.261212	pidref	279307500	R	rec	9f21f99e-b35f-4994-a122-4f7a545569ef
2024-09-11 09:11:37.315771	2024-09-11 09:11:37.315782	pidref	279307772	R	rec	6ab7c017-e857-497f-b3f2-6862b7b2ad9c
2024-09-11 09:11:37.371168	2024-09-11 09:11:37.371177	pidref	279307829	R	rec	cabd04d6-6363-49c5-95f9-aa4d06942303
2024-09-11 09:11:37.428863	2024-09-11 09:11:37.428867	pidref	279307845	R	rec	117361e1-6f12-414b-9fcd-5a8bdd204cb4
2024-09-11 09:11:37.490724	2024-09-11 09:11:37.490734	pidref	279311044	R	rec	4ae78857-3b9d-42c1-b042-20988dc24ae1
2024-09-11 09:11:37.556244	2024-09-11 09:11:37.556254	pidref	279311443	R	rec	35c7a66d-3af6-4a6f-911a-e89d53ba497f
2024-09-11 09:11:37.619111	2024-09-11 09:11:37.619117	pidref	279312415	R	rec	45360b91-ff02-403b-b4f5-7e6f838b411e
2024-09-11 09:11:37.677799	2024-09-11 09:11:37.67781	pidref	279313543	R	rec	1a6a25a0-4116-468e-bd47-3463a87a9de0
2024-09-11 09:11:37.735975	2024-09-11 09:11:37.735979	pidref	279313853	R	rec	7fc7eaee-668e-4c32-830f-a245fdda1782
2024-09-11 09:11:37.809919	2024-09-11 09:11:37.809928	pidref	279314833	R	rec	603f87a0-66b7-433c-9a8c-89f9b5af3eb6
2024-09-11 09:11:37.874779	2024-09-11 09:11:37.87479	pidref	279315287	R	rec	5a8128e9-f088-4c6b-9b1a-36137768f0f7
2024-09-11 09:11:37.936694	2024-09-11 09:11:37.93674	pidref	279315368	R	rec	e96bd2c8-0ab8-477d-b2d5-d946c9c9643f
2024-09-11 09:11:38.000577	2024-09-11 09:11:38.000582	pidref	279315597	R	rec	4b3e4cf4-fc9c-40f2-b23e-49cb2369edfd
2024-09-11 09:11:38.062228	2024-09-11 09:11:38.062238	pidref	279315678	R	rec	df9c100f-202b-466d-b08d-a3f89e2e5c8f
2024-09-11 09:11:38.12025	2024-09-11 09:11:38.120257	pidref	279315759	R	rec	a79cc8e5-6d48-4923-a1cd-87bb47971aa8
2024-09-11 09:11:38.172059	2024-09-11 09:11:38.17207	pidref	279316232	R	rec	29946428-253a-4f12-86e2-cd9c39560a50
2024-09-11 09:11:38.230793	2024-09-11 09:11:38.230797	pidref	279316291	R	rec	6ffd17b4-f55a-4d47-b92c-d32d50f36b3f
2024-09-11 09:11:38.284837	2024-09-11 09:11:38.284847	pidref	279333013	R	rec	0c855974-692c-475a-8424-c881ff936a5f
2024-09-11 09:11:38.348849	2024-09-11 09:11:38.348859	pidref	279334699	R	rec	ef00e6be-fbc4-49d8-bdfd-b15731ab5ba3
2024-09-11 09:11:38.41266	2024-09-11 09:11:38.41267	pidref	279334982	R	rec	c192d7ff-dc23-4e83-88fd-99c2aaebfea3
2024-09-11 09:11:38.475898	2024-09-11 09:11:38.475909	pidref	279335156	R	rec	c3a98091-879f-4e2c-b722-f250463fdf47
2024-09-11 09:11:38.534998	2024-09-11 09:11:38.535003	pidref	279335512	R	rec	f41860bc-72b1-4988-897a-aa3e8dc9e798
2024-09-11 09:11:38.593713	2024-09-11 09:11:38.593724	pidref	27933558X	R	rec	5a2bd8a7-ddfe-42e5-9580-6095a43d1f86
2024-09-11 09:11:38.645177	2024-09-11 09:11:38.645183	pidref	279347642	R	rec	948ba68b-73ba-462c-afcc-80131b138239
2024-09-11 09:11:38.707857	2024-09-11 09:11:38.707873	pidref	279348304	R	rec	0fa93e9c-1aad-4314-8405-d3295bb60e42
2024-09-11 09:11:38.774146	2024-09-11 09:11:38.774162	pidref	279348363	R	rec	fcbc2e37-3322-4b32-801e-463551347d0f
2024-09-11 09:11:38.850487	2024-09-11 09:11:38.8505	pidref	279349807	R	rec	4468fce1-174f-4489-b669-67c9ee972338
2024-09-11 09:11:38.934033	2024-09-11 09:11:38.934038	pidref	279351747	R	rec	5f7de5c1-f8bc-424a-8679-f0778416d60f
2024-09-11 09:11:38.998406	2024-09-11 09:11:38.998416	pidref	279351879	R	rec	c476e489-1fde-43c5-90d9-41f0d0c0ba49
2024-09-11 09:11:39.062514	2024-09-11 09:11:39.062524	pidref	279353162	R	rec	37830a38-cf10-4bb9-8dd9-9d23d8eaf7c3
2024-09-11 09:11:39.124241	2024-09-11 09:11:39.124246	pidref	279353308	R	rec	623e9206-9dd2-40f4-aaa1-8a38fb8d7060
2024-09-11 09:11:39.171661	2024-09-11 09:11:39.171666	pidref	279353928	R	rec	fd2a788e-9978-46a9-83d1-ef5a5f570d4d
2024-09-11 09:11:39.224622	2024-09-11 09:11:39.224627	pidref	279354118	R	rec	3a2f103f-40c8-4e53-855a-8ab63fdb4f8d
2024-09-11 09:11:39.282883	2024-09-11 09:11:39.282896	pidref	279354223	R	rec	3b7ea54a-2431-4d72-8a36-8a753d62fb80
2024-09-11 09:11:39.346442	2024-09-11 09:11:39.346452	pidref	279355173	R	rec	13020c73-e4ec-41f2-85bd-b4e57022c374
2024-09-11 09:11:39.407861	2024-09-11 09:11:39.407876	pidref	279357206	R	rec	a99cfc0f-84c4-4ba0-9ee6-4712f85dd17a
2024-09-11 09:11:39.47391	2024-09-11 09:11:39.47392	pidref	279368429	R	rec	50f120ac-03c7-4b50-8945-6e7f372cf701
2024-09-11 09:11:39.530916	2024-09-11 09:11:39.530929	pidref	279369867	R	rec	b124f286-b93d-4f9b-9824-055cc07cb6d5
2024-09-11 09:11:39.596131	2024-09-11 09:11:39.596147	pidref	27937027X	R	rec	bb65f595-c309-44ba-8524-ed9aa4d0a19e
2024-09-11 09:11:39.648639	2024-09-11 09:11:39.648644	pidref	279371322	R	rec	a66efcdb-9fd4-4d95-b885-52336b3ffce6
2024-09-11 09:11:39.704593	2024-09-11 09:11:39.704603	pidref	279372280	R	rec	e8355294-5296-49a4-b7e5-699c55681394
2024-09-11 09:11:39.766992	2024-09-11 09:11:39.766997	pidref	279372906	R	rec	5a975bc6-05b8-4fe6-9b0d-b3d1eb564a49
2024-09-11 09:11:39.836959	2024-09-11 09:11:39.836963	pidref	279373139	R	rec	1408ad31-e988-4802-aab3-6b2aaba33158
2024-09-11 09:11:39.899931	2024-09-11 09:11:39.899941	pidref	279373171	R	rec	692cad84-24ff-4a65-b434-b737886ee55d
2024-09-11 09:11:39.955565	2024-09-11 09:11:39.955598	pidref	279373198	R	rec	6f945ee7-6622-499b-ae6a-6330f8098f9b
2024-09-11 09:11:40.016708	2024-09-11 09:11:40.016719	pidref	279373287	R	rec	71a65e87-6165-4bdf-b04a-dc710b28f097
2024-09-11 09:11:40.082661	2024-09-11 09:11:40.08267	pidref	279375387	R	rec	49d41868-01df-45d5-a365-d223f82264d0
2024-09-11 09:11:40.138799	2024-09-11 09:11:40.138803	pidref	279375794	R	rec	42721494-1a7b-4e6c-9a50-a61242bddc89
2024-09-11 09:11:40.211445	2024-09-11 09:11:40.211451	pidref	279375867	R	rec	da876a93-7b8f-454f-b53b-6811d8f0d79a
2024-09-11 09:11:40.276964	2024-09-11 09:11:40.276974	pidref	279376405	R	rec	fdf3ed84-8fb5-4c63-9238-4dc4429b094e
2024-09-11 09:11:40.337441	2024-09-11 09:11:40.33745	pidref	27937660X	R	rec	d1814c12-8a3e-4e72-8d47-4f9dda1db46c
2024-09-11 09:11:40.401303	2024-09-11 09:11:40.401313	pidref	279376693	R	rec	773b8c04-e5da-42cb-b32e-aa285131e3fe
2024-09-11 09:11:40.46045	2024-09-11 09:11:40.460459	pidref	279376804	R	rec	215666d9-59a1-4dd7-920c-721420eb89b0
2024-09-11 09:11:40.518045	2024-09-11 09:11:40.518054	pidref	279377266	R	rec	2f249654-fa60-4e4e-b1c8-319cf7d2a5b3
2024-09-11 09:11:40.584414	2024-09-11 09:11:40.584423	pidref	279377452	R	rec	2122f824-b0de-404a-a438-cc7a8fdaccf9
2024-09-11 09:11:40.640528	2024-09-11 09:11:40.640533	pidref	279378173	R	rec	425a6257-768d-400d-b600-5243c4f34a33
2024-09-11 09:11:40.694682	2024-09-11 09:11:40.694693	pidref	279380925	R	rec	7fff089c-2698-4902-a841-44aea4005793
2024-09-11 09:11:40.746267	2024-09-11 09:11:40.746274	pidref	279385544	R	rec	feb66584-8a90-4955-b252-3259e4ad6c9b
2024-09-11 09:11:40.809772	2024-09-11 09:11:40.809782	pidref	279385625	R	rec	8f014623-9e06-42e1-8892-839821831a24
2024-09-11 09:11:40.869315	2024-09-11 09:11:40.869325	pidref	27938646X	R	rec	2d5dee34-a79b-4ecb-8924-bf9511c6cf1c
2024-09-11 09:11:40.923888	2024-09-11 09:11:40.923899	pidref	279387199	R	rec	22e2765e-a675-4e90-b5e8-d611dd7557cd
2024-09-11 09:11:40.984143	2024-09-11 09:11:40.984152	pidref	279388810	R	rec	d298e091-b74f-4b31-b920-44956e44b93e
2024-09-11 09:11:41.045521	2024-09-11 09:11:41.045533	pidref	279390351	R	rec	75186be9-3b3b-42ae-81ea-53a769bf6f1a
2024-09-11 09:11:41.108431	2024-09-11 09:11:41.108442	pidref	279391544	R	rec	7e1ccd2c-657b-493c-8f8f-489006fb8bca
2024-09-11 09:11:41.162024	2024-09-11 09:11:41.16203	pidref	279391609	R	rec	150d6866-bdb7-4857-bc49-8fce471a1b52
2024-09-11 09:11:41.219321	2024-09-11 09:11:41.219326	pidref	279392400	R	rec	97409697-bff3-4642-aec4-ae14043f1509
2024-09-11 09:11:41.272773	2024-09-11 09:11:41.272786	pidref	279394381	R	rec	7a138990-3863-4d6d-a8bd-404ab34c1254
2024-09-11 09:11:41.335047	2024-09-11 09:11:41.335057	pidref	279396155	R	rec	d7d932e1-cbe7-4654-8a87-dd84aa4f3524
2024-09-11 09:11:41.394586	2024-09-11 09:11:41.394597	pidref	279401639	R	rec	6ca61727-12af-49a8-b563-20a30e251511
2024-09-11 09:11:41.459807	2024-09-11 09:11:41.459818	pidref	279403984	R	rec	265bb93d-8a89-4f20-8ced-9cfdf943e178
2024-09-11 09:11:41.529207	2024-09-11 09:11:41.529216	pidref	279414145	R	rec	72b80c3a-72f7-4ec9-af2d-3f40cf7b823a
2024-09-11 09:11:41.595082	2024-09-11 09:11:41.595092	pidref	279416679	R	rec	e22d3175-8b6e-4ba8-9c79-b416ab5b0f06
2024-09-11 09:11:41.647754	2024-09-11 09:11:41.64776	pidref	27941806X	R	rec	c396cffd-085d-415f-a585-6286a9b3aac8
2024-09-11 09:11:41.706287	2024-09-11 09:11:41.706295	pidref	279418728	R	rec	14abcd79-a7cc-4a81-a63c-a3aa48ac1cfe
2024-09-11 09:11:41.760033	2024-09-11 09:11:41.760043	pidref	279421427	R	rec	fb5dada4-4bb9-43dd-b9c0-21d0881934e7
2024-09-11 09:11:41.817203	2024-09-11 09:11:41.817214	pidref	279426739	R	rec	730b0add-c600-4ca9-8fd7-bb0ee2f263c7
2024-09-11 09:11:41.882203	2024-09-11 09:11:41.882209	pidref	279461429	R	rec	9c7804d8-3e3a-42eb-a859-599b0f418b50
2024-09-11 09:11:41.942637	2024-09-11 09:11:41.942647	pidref	279466293	R	rec	4141d7b5-1370-4498-a0e3-46c77ae1de85
2024-09-11 09:11:42.005217	2024-09-11 09:11:42.005228	pidref	279467850	R	rec	a3eb3327-f7d8-4aca-ac52-2f7a1f89cf7c
2024-09-11 09:11:42.070948	2024-09-11 09:11:42.070957	pidref	279469632	R	rec	f73dd361-be02-455d-bedd-ae686705d5d0
2024-09-11 09:11:42.13935	2024-09-11 09:11:42.139355	pidref	279471467	R	rec	5f1d8169-099f-438a-814d-69461914307c
2024-09-11 09:11:42.204378	2024-09-11 09:11:42.204388	pidref	279471734	R	rec	91c8fdbd-5b52-4124-823f-2a9eca33b30d
2024-09-11 09:11:42.262603	2024-09-11 09:11:42.262613	pidref	279478208	R	rec	e4a53234-e010-47f6-8100-536f169f6803
2024-09-11 09:11:42.321902	2024-09-11 09:11:42.321913	pidref	279487606	R	rec	cdc7dce3-3e6e-40e3-a5eb-09a5cd399fc9
2024-09-11 09:11:42.386671	2024-09-11 09:11:42.386682	pidref	279488076	R	rec	54b1d02d-ab9c-4a53-9e7a-2fdd647b8dd7
2024-09-11 09:11:42.443386	2024-09-11 09:11:42.443401	pidref	279492820	R	rec	4962c30a-4292-4f54-a2f8-8113d401fa95
2024-09-11 09:11:42.515159	2024-09-11 09:11:42.515171	pidref	279493584	R	rec	28e9e1b7-f6d8-4d0d-947e-9ef46b66ea7d
2024-09-11 09:11:42.582124	2024-09-11 09:11:42.582139	pidref	279494602	R	rec	6ae23c42-4791-4237-91fd-14cb670a6c5b
2024-09-11 09:11:42.649644	2024-09-11 09:11:42.649649	pidref	279494637	R	rec	18cd543e-9c61-4950-9ba6-705b19a75bbc
2024-09-11 09:11:42.718439	2024-09-11 09:11:42.718444	pidref	279494653	R	rec	c17c9da9-7ac2-4cc6-9a5d-4304fdc48fc8
2024-09-11 09:11:42.775421	2024-09-11 09:11:42.775431	pidref	279494688	R	rec	0c66e8c2-9892-4cac-bc73-e8221802aec0
2024-09-11 09:11:42.843002	2024-09-11 09:11:42.843011	pidref	279501080	R	rec	7cae9d96-bbd4-4ecc-b18b-fdd007fd352f
2024-09-11 09:11:42.902075	2024-09-11 09:11:42.902085	pidref	27950277X	R	rec	5211dffb-4445-4d06-bee9-fe67936dea03
2024-09-11 09:11:42.95672	2024-09-11 09:11:42.95673	pidref	279503288	R	rec	f2d28bcb-0419-4719-a9ce-f57f1dcefe90
2024-09-11 09:11:43.019743	2024-09-11 09:11:43.019752	pidref	279505264	R	rec	ad95172b-1fd4-4f80-bf8c-8a03984266cc
2024-09-11 09:11:43.076242	2024-09-11 09:11:43.076254	pidref	279507097	R	rec	5321fd4c-ed83-4717-9a46-24b9d7d14b52
2024-09-11 09:11:43.137557	2024-09-11 09:11:43.137562	pidref	279507208	R	rec	099605b6-9fc4-487d-98d2-3bc61a3f1c88
2024-09-11 09:11:43.185398	2024-09-11 09:11:43.185403	pidref	279516932	R	rec	ebac9647-8942-4c62-b05f-8fb1b6f27e04
2024-09-11 09:11:43.230272	2024-09-11 09:11:43.230277	pidref	279522053	R	rec	d6a7851e-7a90-44d7-b82b-0003d3a0182d
2024-09-11 09:11:43.281744	2024-09-11 09:11:43.281749	pidref	279523505	R	rec	1e057c9e-fcf1-4ca6-914c-c116f62c2cd8
2024-09-11 09:11:43.343206	2024-09-11 09:11:43.343216	pidref	279523858	R	rec	7a0ebeb5-ae35-462b-af08-cdbeaee2d206
2024-09-11 09:11:43.41977	2024-09-11 09:11:43.419776	pidref	279524072	R	rec	2ec134dc-be89-4b5c-8e92-6fefc9dd971e
2024-09-11 09:11:43.465523	2024-09-11 09:11:43.465528	pidref	279524080	R	rec	191e0dc7-ac68-4c3f-b7f7-25afc694be02
2024-09-11 09:11:43.519465	2024-09-11 09:11:43.51947	pidref	279532881	R	rec	b0842e55-8c19-48a7-93a8-9dfb52e67a56
2024-09-11 09:11:43.576735	2024-09-11 09:11:43.576745	pidref	279533497	R	rec	01c6aa40-5275-4e06-99ac-ede1af0531b9
2024-09-11 09:11:43.624798	2024-09-11 09:11:43.624803	pidref	279535783	R	rec	74fb4a89-9122-40e3-b631-6a389865f62a
2024-09-11 09:11:43.678055	2024-09-11 09:11:43.67806	pidref	279536011	R	rec	e4fc681f-2677-4b2a-b2cf-085b0837c125
2024-09-11 09:11:43.733013	2024-09-11 09:11:43.733018	pidref	279537719	R	rec	2186a44c-84dc-45c5-b841-ee226fa28186
2024-09-11 09:11:43.797907	2024-09-11 09:11:43.79792	pidref	279539363	R	rec	4d9d153c-fe85-426f-ac6c-8eff01f78dfd
2024-09-11 09:11:43.871978	2024-09-11 09:11:43.871983	pidref	279562098	R	rec	bd9e83c8-b9d4-462a-aff5-3c8486a168fc
2024-09-11 09:11:43.934113	2024-09-11 09:11:43.934118	pidref	279571550	R	rec	f43e44cb-cb11-47b7-954d-ad44a799fa2c
2024-09-11 09:11:43.994479	2024-09-11 09:11:43.994488	pidref	279571658	R	rec	77f880de-1ce5-41db-a787-76c5143395e1
