2024-09-11 09:11:45.750839	2024-09-11 09:11:45.750844	plgnd	1335257845	R	rec	7d54e290-458f-4e6a-a641-46b953ffd177
2024-09-11 09:11:45.826403	2024-09-11 09:11:45.826408	plgnd	1335257101	R	rec	11bd7db9-8d0f-40a4-879a-a3bbb866e81a
2024-09-11 09:11:45.885323	2024-09-11 09:11:45.885328	plgnd	133525675X	R	rec	296c1f82-725e-4f2d-ad04-a0d7a2407c44
2024-09-11 09:11:45.930267	2024-09-11 09:11:45.930272	plgnd	133525207X	R	rec	9adf3aef-0e25-4de4-b2c2-4717face0d2a
2024-09-11 09:11:45.976381	2024-09-11 09:11:45.976387	plgnd	1335249966	R	rec	e3bf515f-c5be-42f3-a3bd-7d433c336917
2024-09-11 09:11:46.022921	2024-09-11 09:11:46.022926	plgnd	1335243240	R	rec	fb1d900e-ed2f-4d5f-b0c7-b44e9cca8c7d
2024-09-11 09:11:46.075006	2024-09-11 09:11:46.075011	plgnd	133523909X	R	rec	bb2d2de1-45e2-467c-b01f-ab1f80ea85db
2024-09-11 09:11:46.155696	2024-09-11 09:11:46.155701	plgnd	1335217711	R	rec	1c4953d1-1c93-406b-965f-5a7cf045fcaf
2024-09-11 09:11:46.215313	2024-09-11 09:11:46.215317	plgnd	1335201653	R	rec	38dec73f-69bf-41b8-bcdf-4086080808db
2024-09-11 09:11:46.278913	2024-09-11 09:11:46.278923	plgnd	1335141790	R	rec	e1657297-2649-4e82-920e-2d7f29b8cd50
2024-09-11 09:11:46.356684	2024-09-11 09:11:46.356695	plgnd	1335107711	R	rec	70cdd82a-331a-4523-93f6-95db302a21fe
2024-09-11 09:11:46.42782	2024-09-11 09:11:46.427829	plgnd	1335104917	R	rec	7f3ef1b6-2f8c-4904-a257-26243ec89491
2024-09-11 09:11:46.497866	2024-09-11 09:11:46.497871	plgnd	1335098399	R	rec	da809432-614f-45b6-b88d-90f488c8a1a7
2024-09-11 09:11:46.560297	2024-09-11 09:11:46.560313	plgnd	1335092390	R	rec	6514a894-2137-41c5-b433-5f6505ad0495
2024-09-11 09:11:46.63239	2024-09-11 09:11:46.632398	plgnd	1335092196	R	rec	a1fb3e6c-d9da-47a5-b5e2-fd17f02c5fa2
2024-09-11 09:11:46.69711	2024-09-11 09:11:46.697121	plgnd	1335086005	R	rec	e11b1739-01c6-4bb3-85f9-3a9f19fe6d41
2024-09-11 09:11:46.764634	2024-09-11 09:11:46.764647	plgnd	1335058036	R	rec	a5d9bb71-264e-440f-b14a-04a03f5c42f9
2024-09-11 09:11:46.833777	2024-09-11 09:11:46.833789	plgnd	1334938016	R	rec	ef237ef4-9ac2-429a-997f-f66139728549
2024-09-11 09:11:46.89182	2024-09-11 09:11:46.891825	plgnd	1334917981	R	rec	1853e1fd-7794-4349-b3dd-3f936b3b0ca0
2024-09-11 09:11:46.94514	2024-09-11 09:11:46.94515	plgnd	1334916292	R	rec	d1b809ce-49ef-46c7-8a70-e9a26e4d37b8
2024-09-11 09:11:47.017029	2024-09-11 09:11:47.017038	plgnd	1334913498	R	rec	914b0074-331a-4c39-b1bd-582f1e494e3b
2024-09-11 09:11:47.083993	2024-09-11 09:11:47.083997	plgnd	1334907684	R	rec	39bf357f-9b8d-4cc5-b2dc-1a8f514e02d5
2024-09-11 09:11:47.138585	2024-09-11 09:11:47.138589	plgnd	1334907048	R	rec	3cff1256-9489-4d20-862f-6e7a41385417
2024-09-11 09:11:47.191237	2024-09-11 09:11:47.191249	plgnd	1334904251	R	rec	659d583e-5c33-4c1c-9a22-0742b56ae34c
2024-09-11 09:11:47.246692	2024-09-11 09:11:47.246697	plgnd	133490281X	R	rec	d5f489d3-444e-4246-8ae7-3d0ac893b648
2024-09-11 09:11:47.300719	2024-09-11 09:11:47.300729	plgnd	1334900256	R	rec	62dda1f1-efc8-4e8d-98cb-1726b9414b01
2024-09-11 09:11:47.373232	2024-09-11 09:11:47.373242	plgnd	133489874X	R	rec	9f7734de-dac0-4778-b87e-143ba377bca2
2024-09-11 09:11:47.430334	2024-09-11 09:11:47.430347	plgnd	1334896755	R	rec	92d612f6-0477-43b5-8312-e0d8488a700c
2024-09-11 09:11:47.497986	2024-09-11 09:11:47.498	plgnd	1334893594	R	rec	31ab8fb1-a2c3-4949-a646-92483b2fe15f
2024-09-11 09:11:47.561877	2024-09-11 09:11:47.561882	plgnd	133489129X	R	rec	83945569-0a66-4b73-aae1-273bb71d69b0
2024-09-11 09:11:47.612847	2024-09-11 09:11:47.612858	plgnd	1334878234	R	rec	0b144f1f-b755-4300-bba5-6546e42f9e48
2024-09-11 09:11:47.665416	2024-09-11 09:11:47.665428	plgnd	1334875707	R	rec	b0e68b7d-ffa3-4498-9770-8060800c89fd
2024-09-11 09:11:47.718702	2024-09-11 09:11:47.718706	plgnd	1334874387	R	rec	58a09521-d424-4455-8654-08b9a18c40fe
2024-09-11 09:11:47.766229	2024-09-11 09:11:47.766233	plgnd	1334867097	R	rec	4cac7f37-57b1-47d4-a56c-6f4c55fb4f1b
2024-09-11 09:11:47.818826	2024-09-11 09:11:47.818836	plgnd	1334866473	R	rec	871842a0-4bb5-4b76-8b33-68aacca62fc6
2024-09-11 09:11:48.012596	2024-09-11 09:11:48.012605	plgnd	1334866082	R	rec	3d1ab6c3-ac0d-4179-8b64-edb43da2951a
2024-09-11 09:11:48.104392	2024-09-11 09:11:48.104401	plgnd	1334865981	R	rec	5f99baa7-9be3-4610-af86-93b1b6f07636
2024-09-11 09:11:48.158004	2024-09-11 09:11:48.158009	plgnd	1334804621	R	rec	6cf9631b-5bea-401e-af8c-13cf04e126e3
2024-09-11 09:11:48.220696	2024-09-11 09:11:48.220708	plgnd	1334804141	R	rec	eea7c986-102c-4601-b2bd-1ca3c70f2b58
2024-09-11 09:11:48.277797	2024-09-11 09:11:48.277807	plgnd	1334801304	R	rec	fe04c478-96d3-4441-a4b9-2a821842b2a0
2024-09-11 09:11:48.346959	2024-09-11 09:11:48.346975	plgnd	1334789134	R	rec	9cba5410-cc60-4451-aac6-5657a017a5a7
2024-09-11 09:11:48.414147	2024-09-11 09:11:48.414152	plgnd	1334785422	R	rec	ab09604d-9d43-4f57-a2c4-8d97a3ecc2cd
2024-09-11 09:11:48.463497	2024-09-11 09:11:48.463503	plgnd	1334784493	R	rec	d648f8c9-e3aa-4339-9e8d-bfed04682a15
2024-09-11 09:11:48.518867	2024-09-11 09:11:48.518877	plgnd	1334779015	R	rec	66d14f57-1894-4857-9f19-5fab84885020
2024-09-11 09:11:48.581041	2024-09-11 09:11:48.581046	plgnd	1334766363	R	rec	a2045cee-ad66-4cf2-931f-33b3affdb41b
2024-09-11 09:11:48.634897	2024-09-11 09:11:48.634903	plgnd	1334756465	R	rec	20009aab-f807-42c1-8bcd-852b4a50c5df
2024-09-11 09:11:48.685862	2024-09-11 09:11:48.6859	plgnd	1334736340	R	rec	ca47946e-2729-4d61-8c50-43108a6cb022
2024-09-11 09:11:48.740637	2024-09-11 09:11:48.740642	plgnd	1334729824	R	rec	fa05b0ce-835f-4c7d-97ab-5310ffb29d5b
2024-09-11 09:11:48.813841	2024-09-11 09:11:48.81385	plgnd	1334725756	R	rec	2ea24dce-968b-4654-a242-d0db956340a8
2024-09-11 09:11:48.879878	2024-09-11 09:11:48.879889	plgnd	1334725691	R	rec	236dd001-0213-4c04-bdd2-426280d8931c
2024-09-11 09:11:48.951826	2024-09-11 09:11:48.951832	plgnd	1334671486	R	rec	3cac90ef-cf10-470f-80dc-6972ef4e4de4
2024-09-11 09:11:49.007103	2024-09-11 09:11:49.007107	plgnd	1334670560	R	rec	0dab625d-96d3-4367-9c81-a15951d57045
2024-09-11 09:11:49.069441	2024-09-11 09:11:49.06945	plgnd	1334670390	R	rec	c50ae982-0af5-44f2-ba94-43f34235f819
2024-09-11 09:11:49.1346	2024-09-11 09:11:49.134605	plgnd	1334670323	R	rec	ac8030b4-6dc5-437c-9b29-10e337f78c05
2024-09-11 09:11:49.182504	2024-09-11 09:11:49.182513	plgnd	1334670048	R	rec	6dce0d2a-eb6d-41e0-81aa-7982e7ed2f7f
2024-09-11 09:11:49.237913	2024-09-11 09:11:49.237918	plgnd	1334666474	R	rec	0a722838-0a4d-4a02-a593-0a45ba5b3a54
2024-09-11 09:11:49.305471	2024-09-11 09:11:49.305473	plgnd	1334665036	R	rec	71f7c28f-54bc-4f63-8efd-a0b8743f0799
2024-09-11 09:11:49.413796	2024-09-11 09:11:49.413807	plgnd	1334665028	R	rec	a33d4810-a4d0-4ad0-9a79-e73673f34cc2
2024-09-11 09:11:49.499123	2024-09-11 09:11:49.499129	plgnd	1334664242	R	rec	a83d36c7-4552-4db1-a8bc-c33f9d9c6e06
2024-09-11 09:11:49.56114	2024-09-11 09:11:49.561145	plgnd	1334661073	R	rec	9b0537d2-86a4-4e48-b77d-3069c4b2dca1
2024-09-11 09:11:49.614385	2024-09-11 09:11:49.614397	plgnd	1334658196	R	rec	a607d7de-fea5-4b30-a1e5-b7a0e16cd25f
2024-09-11 09:11:49.666422	2024-09-11 09:11:49.666428	plgnd	1334657726	R	rec	bdc25e8a-f566-4010-9c6e-e258187146ed
2024-09-11 09:11:49.73048	2024-09-11 09:11:49.730485	plgnd	133465641X	R	rec	91e8dc13-3d52-4a5a-96a3-f6b59d6e95aa
2024-09-11 09:11:49.800399	2024-09-11 09:11:49.800411	plgnd	1334632707	R	rec	31f6c738-1f56-4fb5-b60b-93d17abda468
2024-09-11 09:11:49.86208	2024-09-11 09:11:49.862091	plgnd	133463209X	R	rec	a7731246-882b-4788-929e-590cba3d670d
2024-09-11 09:11:49.929371	2024-09-11 09:11:49.929381	plgnd	133456325X	R	rec	e7012f1a-1b10-401b-b68d-2a873bba8743
2024-09-11 09:11:50.013279	2024-09-11 09:11:50.013283	plgnd	1334560994	R	rec	45759c86-90d6-4d42-b6d3-4c8c2b7cd936
2024-09-11 09:11:50.079562	2024-09-11 09:11:50.079573	plgnd	1334559805	R	rec	9f3c2f21-22f5-426e-9601-58337ee02902
2024-09-11 09:11:50.144737	2024-09-11 09:11:50.144742	plgnd	1334558590	R	rec	aa55394a-6eba-4956-a216-238af9a329a3
2024-09-11 09:11:50.197574	2024-09-11 09:11:50.197584	plgnd	1334556687	R	rec	0b4ebbf3-6a79-4a83-b80b-de5212138336
2024-09-11 09:11:50.25379	2024-09-11 09:11:50.253794	plgnd	1334554471	R	rec	ab339880-4641-44af-9811-110c22c5e0b0
2024-09-11 09:11:50.326303	2024-09-11 09:11:50.326319	plgnd	1334554218	R	rec	d82b40ab-e0c7-4d30-8309-d5ac4be7919b
2024-09-11 09:11:50.387263	2024-09-11 09:11:50.387279	plgnd	1334552940	R	rec	6ef144eb-a85e-4d71-afdb-d9d7d26be261
2024-09-11 09:11:50.45861	2024-09-11 09:11:50.458625	plgnd	1334552908	R	rec	c8731ee6-117d-45c0-ab35-cbcc4e28991a
2024-09-11 09:11:50.528055	2024-09-11 09:11:50.528066	plgnd	1334552606	R	rec	24ecaf54-ca04-4d13-8db7-26405ec0ee7b
2024-09-11 09:11:50.597815	2024-09-11 09:11:50.597826	plgnd	1334538085	R	rec	27d45e8e-eac2-42bf-9e5e-b7a12b4e50df
2024-09-11 09:11:50.663173	2024-09-11 09:11:50.663178	plgnd	133453666X	R	rec	f72cfe02-abe6-4dee-a04e-781abed900d1
2024-09-11 09:11:50.760619	2024-09-11 09:11:50.76063	plgnd	1334531153	R	rec	fed5a3f6-54c8-4277-afec-23d3cf83cd86
2024-09-11 09:11:50.830613	2024-09-11 09:11:50.830623	plgnd	1334516766	R	rec	39027225-479f-4b85-babb-50cc3a3e93f5
2024-09-11 09:11:50.899206	2024-09-11 09:11:50.899216	plgnd	1334502854	R	rec	95a200cc-db39-4a4b-a6d6-a13fb18d6afd
2024-09-11 09:11:50.970283	2024-09-11 09:11:50.970293	plgnd	1334486573	R	rec	15491452-3f01-472b-bdee-29ffd0152264
2024-09-11 09:11:51.032857	2024-09-11 09:11:51.032866	plgnd	1334485763	R	rec	8032eb15-cf78-4c5b-befa-ae2438dc56ba
2024-09-11 09:11:51.094872	2024-09-11 09:11:51.094883	plgnd	1334319561	R	rec	c358397e-7ff4-4489-941d-f71a74779ef5
2024-09-11 09:11:51.153002	2024-09-11 09:11:51.153006	plgnd	1334318492	R	rec	003d5286-c663-410c-9a8d-797ba8f724a4
2024-09-11 09:11:51.21311	2024-09-11 09:11:51.213117	plgnd	1334318069	R	rec	f0d97476-5314-4f1f-8346-76534f9de352
2024-09-11 09:11:51.266328	2024-09-11 09:11:51.266339	plgnd	1334313776	R	rec	e429a1b2-1b17-4a67-83b2-6b1a3c0c1c13
2024-09-11 09:11:51.336211	2024-09-11 09:11:51.336216	plgnd	1334312974	R	rec	78f42ec7-37bf-4362-8d76-6f4fbdffe8df
2024-09-11 09:11:51.403763	2024-09-11 09:11:51.403768	plgnd	1334310661	R	rec	b2bf53ce-f857-4406-a8b7-94840296a122
2024-09-11 09:11:51.468318	2024-09-11 09:11:51.468328	plgnd	1334302111	R	rec	3f2b4e5b-b054-437a-86f4-4574aab26480
2024-09-11 09:11:51.532774	2024-09-11 09:11:51.532785	plgnd	1334300054	R	rec	9bb463f1-dd53-4415-bc6e-53c3c8683a33
2024-09-11 09:11:51.604478	2024-09-11 09:11:51.604483	plgnd	133422725X	R	rec	9424b82a-f38f-45e1-b735-9a73c8b93548
2024-09-11 09:11:51.662703	2024-09-11 09:11:51.662709	plgnd	1334221979	R	rec	e8a1e7e6-ddcc-4cd2-b6e2-e3a4fe63b0a8
2024-09-11 09:11:51.725248	2024-09-11 09:11:51.725254	plgnd	1334198845	R	rec	01d8325b-862a-405f-94f8-93a3874ff159
2024-09-11 09:11:51.829963	2024-09-11 09:11:51.829974	plgnd	1334117918	R	rec	7a9a8983-f07f-456d-97a7-c1aff1b06677
2024-09-11 09:11:51.893189	2024-09-11 09:11:51.893199	plgnd	1334101221	R	rec	b259c2ed-db7f-483e-8f76-be75867b19bb
2024-09-11 09:11:51.960445	2024-09-11 09:11:51.960454	plgnd	1334086826	R	rec	6980d3ae-682a-4515-8253-95817aca152c
2024-09-11 09:11:52.031363	2024-09-11 09:11:52.031372	plgnd	1334027250	R	rec	d3e17722-75c9-47e8-969b-710cabf93001
2024-09-11 09:11:52.098871	2024-09-11 09:11:52.098876	plgnd	1334024804	R	rec	f9610f1a-06d6-44a9-a087-3dc145003afd
2024-09-11 09:11:52.159531	2024-09-11 09:11:52.159537	plgnd	1334011753	R	rec	623c914e-58d3-4619-aa1c-2344b1023005
2024-09-11 09:11:52.224603	2024-09-11 09:11:52.224613	plgnd	1334011079	R	rec	65cb7b36-9d53-4cbf-8f2f-7a66f16ac8b0
2024-09-11 09:11:52.287444	2024-09-11 09:11:52.287492	plgnd	1334001529	R	rec	837849fe-d66c-45ac-bbf4-e85c4ff1ce14
2024-09-11 09:11:52.356477	2024-09-11 09:11:52.356486	plgnd	1333989954	R	rec	508403c4-2d48-4787-9359-be6e30fb248a
2024-09-11 09:11:52.427521	2024-09-11 09:11:52.427531	plgnd	1333660758	R	rec	4a606f19-bce7-4fa4-b3af-effdfb0e92f2
2024-09-11 09:11:52.495596	2024-09-11 09:11:52.495607	plgnd	1333582501	R	rec	f4835956-bdde-4e2e-8ebf-2274d927397b
2024-09-11 09:11:52.559703	2024-09-11 09:11:52.559708	plgnd	1333570511	R	rec	24ef217e-21b8-4aea-9fb7-b20f4f36e024
2024-09-11 09:11:52.6204	2024-09-11 09:11:52.620411	plgnd	133355513X	R	rec	2637c9bb-4794-4bab-8422-03194add4ba0
2024-09-11 09:11:52.67	2024-09-11 09:11:52.670005	plgnd	1333333668	R	rec	2077fab4-be64-44f8-b867-73ae1a09d537
2024-09-11 09:11:52.722276	2024-09-11 09:11:52.722281	plgnd	1333321090	R	rec	1d093b91-3357-4366-9543-432158bb7d43
2024-09-11 09:11:52.776908	2024-09-11 09:11:52.776918	plgnd	1333315902	R	rec	cfcdb4e1-2e8a-4ea4-948e-f5f033335911
2024-09-11 09:11:52.840948	2024-09-11 09:11:52.840953	plgnd	1333263465	R	rec	84641c67-96be-4e35-b7fa-d024e25218e4
2024-09-11 09:11:52.909193	2024-09-11 09:11:52.909204	plgnd	1333255853	R	rec	63a101a9-2ae2-4109-ab85-c6ccf3aede0b
2024-09-11 09:11:52.968891	2024-09-11 09:11:52.968895	plgnd	1333228880	R	rec	8dd40ac6-3566-4baa-b474-958e01e38b43
2024-09-11 09:11:53.046721	2024-09-11 09:11:53.046726	plgnd	1333113943	R	rec	a1e9bcc3-1596-4cb8-ac75-530cf49c9bec
2024-09-11 09:11:53.164593	2024-09-11 09:11:53.1646	plgnd	1332874568	R	rec	47e20d5d-912b-4ef5-93dc-3237058cfed2
2024-09-11 09:11:53.242461	2024-09-11 09:11:53.24247	plgnd	1332858198	R	rec	fe5b6bd3-dac5-411a-a416-141a9cd16500
2024-09-11 09:11:53.3303	2024-09-11 09:11:53.330306	plgnd	1332769349	R	rec	16f04a53-71a5-41e9-887f-925a50c94f49
2024-09-11 09:11:53.387625	2024-09-11 09:11:53.387635	plgnd	1332757375	R	rec	872bfd98-7112-41b3-be41-34981305e017
2024-09-11 09:11:53.452498	2024-09-11 09:11:53.452508	plgnd	1332755666	R	rec	bfb57790-ea9f-4b71-bf68-ad4d9b37d4d2
2024-09-11 09:11:53.518974	2024-09-11 09:11:53.518985	plgnd	1332749054	R	rec	028c5d03-01b7-488f-a1c8-202c551cd63f
2024-09-11 09:11:53.583624	2024-09-11 09:11:53.583635	plgnd	1332747108	R	rec	1de85f94-679d-4e02-a4fe-adffc2182545
2024-09-11 09:11:53.643709	2024-09-11 09:11:53.643713	plgnd	1332742351	R	rec	e4feccc5-2b5f-4517-974f-7d883eb4e8d9
2024-09-11 09:11:53.697589	2024-09-11 09:11:53.6976	plgnd	1332735002	R	rec	a62d4a33-b589-41f7-abbe-b1ed3249cf2f
2024-09-11 09:11:53.748922	2024-09-11 09:11:53.748927	plgnd	1332734863	R	rec	e6dbbb1c-7e9b-4bd7-8900-322b7b3980c1
2024-09-11 09:11:53.817138	2024-09-11 09:11:53.81715	plgnd	133273457X	R	rec	4ba5b6e4-bae9-4e41-9693-96a8deccea65
2024-09-11 09:11:53.892889	2024-09-11 09:11:53.892904	plgnd	1332733751	R	rec	8a47a6c0-ed4e-47e4-8e9e-88254336f9c9
2024-09-11 09:11:53.967896	2024-09-11 09:11:53.967908	plgnd	1332732577	R	rec	17df531c-432c-44a6-96b7-5aeebbd95b8b
2024-09-11 09:11:54.034407	2024-09-11 09:11:54.034416	plgnd	1332731430	R	rec	2892a34e-0042-4d8b-b1da-09de106fda97
2024-09-11 09:11:54.096148	2024-09-11 09:11:54.096153	plgnd	1332670482	R	rec	aac7cb4f-db0b-49c3-b627-3bef0559410c
2024-09-11 09:11:54.151058	2024-09-11 09:11:54.151063	plgnd	1332669689	R	rec	a581ae20-8f2f-4cc6-ad06-6a6af537d1c4
2024-09-11 09:11:54.20791	2024-09-11 09:11:54.207919	plgnd	1332451578	R	rec	0c44ebbd-a5b9-4bfd-84a4-e29cfbfbb80d
2024-09-11 09:11:54.273103	2024-09-11 09:11:54.273114	plgnd	1332353436	R	rec	80e70649-45dc-48cb-b21e-ade4e756d26f
2024-09-11 09:11:54.354951	2024-09-11 09:11:54.354962	plgnd	1332057209	R	rec	4c9c5094-66d4-424d-93e9-5b0f4eb0bfcc
2024-09-11 09:11:54.422545	2024-09-11 09:11:54.422556	plgnd	1332055729	R	rec	440cf209-461b-4841-85a3-ea0f94b26754
2024-09-11 09:11:54.485804	2024-09-11 09:11:54.485814	plgnd	1332031374	R	rec	b9d5e91b-6d07-40fb-adbc-f6819564cac6
2024-09-11 09:11:54.551989	2024-09-11 09:11:54.551994	plgnd	1331729661	R	rec	a086c563-9376-4a99-b65b-6851589426ca
2024-09-11 09:11:54.628878	2024-09-11 09:11:54.628894	plgnd	1331609186	R	rec	553866a9-8bba-4532-8001-b9f73e014a6e
2024-09-11 09:11:54.690273	2024-09-11 09:11:54.690284	plgnd	1331604346	R	rec	313eee78-6909-458f-8a1c-6c64c853de87
2024-09-11 09:11:54.745296	2024-09-11 09:11:54.745309	plgnd	1331602718	R	rec	e8cace5e-0400-4bcc-9021-bce415e93b7e
2024-09-11 09:11:54.834577	2024-09-11 09:11:54.834582	plgnd	1331601630	R	rec	064dd171-b287-45ae-8cdf-515fa9fed83b
2024-09-11 09:11:54.913133	2024-09-11 09:11:54.913138	plgnd	1331514282	R	rec	d300122f-cc5e-4d02-bf00-126cee4b367d
2024-09-11 09:11:54.983482	2024-09-11 09:11:54.983493	plgnd	1331513952	R	rec	ac6a16a2-4f21-448b-91d3-c99dfe501678
2024-09-11 09:11:55.046064	2024-09-11 09:11:55.046075	plgnd	1331379539	R	rec	882d2480-33c9-4953-bc3c-8061e12bc6e7
2024-09-11 09:11:55.115657	2024-09-11 09:11:55.115668	plgnd	1331109191	R	rec	d53cd149-4b60-4c86-bbe9-93e5d706ff10
2024-09-11 09:11:55.168543	2024-09-11 09:11:55.168548	plgnd	1331089271	R	rec	c2596ae8-8e3a-435a-912f-177f8f9f20e5
2024-09-11 09:11:55.226351	2024-09-11 09:11:55.226355	plgnd	1330982746	R	rec	0cbdc2ce-cb96-479b-8926-d1cc0d16a316
2024-09-11 09:11:55.286333	2024-09-11 09:11:55.286337	plgnd	1330866738	R	rec	3074a0f5-7bc2-4d70-bbaa-7acd23ca7435
2024-09-11 09:11:55.33602	2024-09-11 09:11:55.33603	plgnd	1330847199	R	rec	70e5f531-61fc-4d6e-b13f-0b85861e002e
2024-09-11 09:11:55.40064	2024-09-11 09:11:55.40065	plgnd	1330436237	R	rec	78b01f79-ba91-48e6-9e3e-986fa274685b
2024-09-11 09:11:55.461984	2024-09-11 09:11:55.461994	plgnd	1330428420	R	rec	08b306be-fb41-4cd2-8207-4ddcb5e2bd89
2024-09-11 09:11:55.536381	2024-09-11 09:11:55.536386	plgnd	1330324463	R	rec	7a59018e-ffb6-46ef-ab97-fd5ed146ae74
2024-09-11 09:11:55.603909	2024-09-11 09:11:55.603918	plgnd	1330302877	R	rec	b0f734e5-ebbb-4b1a-86b5-d1f25351a1b9
2024-09-11 09:11:55.671854	2024-09-11 09:11:55.671859	plgnd	1330290887	R	rec	b5f355ac-8400-41b5-9b76-7b30eb3cb6de
2024-09-11 09:11:55.723924	2024-09-11 09:11:55.723929	plgnd	1330177274	R	rec	fc7d1738-b039-4106-abe7-1a8cc681e7ea
2024-09-11 09:11:55.78761	2024-09-11 09:11:55.78762	plgnd	1329890205	R	rec	aad4931b-afdd-4bf5-86ab-d2936835a3fb
2024-09-11 09:11:55.854319	2024-09-11 09:11:55.854328	plgnd	1329430875	R	rec	0254176e-e354-4649-b5f9-47ba35dbc429
2024-09-11 09:11:55.921306	2024-09-11 09:11:55.921316	plgnd	1316359042	R	rec	34ad95e5-fb04-41a0-8017-5e62e169f529
2024-09-11 09:11:55.99193	2024-09-11 09:11:55.99194	plgnd	1314596373	R	rec	3799d3b2-0a48-48b8-be87-1ffc46cebd84
2024-09-11 09:11:56.061716	2024-09-11 09:11:56.061725	plgnd	1302571524	R	rec	f0853b55-d44d-482b-bb4c-a943e113fef1
2024-09-11 09:11:56.131536	2024-09-11 09:11:56.131546	plgnd	1300397128	R	rec	db8554ef-2e36-4a75-a55e-99fe13c56a50
2024-09-11 09:11:56.184372	2024-09-11 09:11:56.184377	plgnd	1299383890	R	rec	569087a2-48fc-4308-be81-5d41ddd69708
2024-09-11 09:11:56.240998	2024-09-11 09:11:56.241008	plgnd	129673143X	R	rec	987f9915-88cb-4fe4-ab92-444622305eee
2024-09-11 09:11:56.310756	2024-09-11 09:11:56.310761	plgnd	1295131781	R	rec	7348e441-e390-465a-8a8d-767e7a0ef7ae
2024-09-11 09:11:56.384201	2024-09-11 09:11:56.384211	plgnd	1287837611	R	rec	59ec6d8d-6891-4b95-b765-848cf6809993
2024-09-11 09:11:56.448651	2024-09-11 09:11:56.448661	plgnd	1286132703	R	rec	409a1bde-b6d5-4952-985f-0137ffd39ec7
2024-09-11 09:11:56.517815	2024-09-11 09:11:56.517825	plgnd	1284341119	R	rec	e7b85b94-78b2-449a-b055-6b1afd3fc30c
2024-09-11 09:11:56.596139	2024-09-11 09:11:56.59615	plgnd	1282328816	R	rec	d703ca92-ee79-4461-b8d0-fe40a97bb135
2024-09-11 09:11:56.663959	2024-09-11 09:11:56.663964	plgnd	1275159915	R	rec	6f2f0f0d-ce4a-45d8-a6e7-a12a319035f7
2024-09-11 09:11:56.723357	2024-09-11 09:11:56.723362	plgnd	1271173751	R	rec	1fa3abc0-7ace-44d0-90af-ec1cb0acae57
2024-09-11 09:11:56.796384	2024-09-11 09:11:56.796394	plgnd	1267606541	R	rec	7fb79670-3218-477b-9a3e-9b7420bd31a8
2024-09-11 09:11:56.887078	2024-09-11 09:11:56.887083	plgnd	1262419808	R	rec	61183ffb-cd9c-4d72-b74c-2d34cce8c99f
2024-09-11 09:11:56.948442	2024-09-11 09:11:56.948451	plgnd	1240912943	R	rec	9213dadc-1e85-4cca-b11d-7d0c09af9019
2024-09-11 09:11:57.013909	2024-09-11 09:11:57.013919	plgnd	1239866968	R	rec	8d27f7e7-606c-447f-bb21-d21ab765e109
2024-09-11 09:11:57.081567	2024-09-11 09:11:57.081577	plgnd	1239463502	R	rec	44ddb5d4-ff97-48da-80cb-6e60556b3692
2024-09-11 09:11:57.147644	2024-09-11 09:11:57.147649	plgnd	1237860342	R	rec	0bb86b31-9ecd-4cd7-b0e0-ae03ad014b67
2024-09-11 09:11:57.196416	2024-09-11 09:11:57.196421	plgnd	1237828171	R	rec	b1fac734-f54b-4974-8e13-a2e5e3ffcfa1
2024-09-11 09:11:57.246763	2024-09-11 09:11:57.246768	plgnd	1237774101	R	rec	ad1179be-73bc-4d4d-a25f-8fbe9b41f89d
2024-09-11 09:11:57.305331	2024-09-11 09:11:57.305341	plgnd	1237279453	R	rec	3dba3a8b-0789-45a3-b86b-559e33a1ead0
2024-09-11 09:11:57.373668	2024-09-11 09:11:57.373678	plgnd	1236792211	R	rec	d66bbbf9-5d4d-4cd7-bdc8-27460602ef43
2024-09-11 09:11:57.43489	2024-09-11 09:11:57.434901	plgnd	123657754X	R	rec	fcab5c24-01a4-4bef-8e6a-8d112aa698d3
2024-09-11 09:11:57.502066	2024-09-11 09:11:57.502077	plgnd	1235360709	R	rec	0f52a7d8-ba46-4010-a11f-5cbd6f63e6df
2024-09-11 09:11:57.567946	2024-09-11 09:11:57.567958	plgnd	1233310046	R	rec	95746440-415e-4466-ae17-37f53aa92241
2024-09-11 09:11:57.644511	2024-09-11 09:11:57.644517	plgnd	1232243698	R	rec	605092bc-7793-403a-9d2a-f20124dec034
2024-09-11 09:11:57.695071	2024-09-11 09:11:57.695076	plgnd	1225876354	R	rec	7119cdd7-f821-4ac2-bd2b-80d1f2838392
2024-09-11 09:11:57.760574	2024-09-11 09:11:57.760587	plgnd	1224278054	R	rec	2f121ee0-a44d-4d95-8069-f063d04eda96
2024-09-11 09:11:57.834345	2024-09-11 09:11:57.834349	plgnd	122413754X	R	rec	0f8967c5-b67f-419c-869f-e9ae8f306292
2024-09-11 09:11:57.890335	2024-09-11 09:11:57.890346	plgnd	122219953X	R	rec	87db39df-76ab-4eb2-9cd5-df7f84163273
2024-09-11 09:11:57.980625	2024-09-11 09:11:57.980634	plgnd	1222199440	R	rec	bc55a2ff-bc3f-4d30-aecf-c507a9b7c040
2024-09-11 09:11:58.058865	2024-09-11 09:11:58.058876	plgnd	1219234621	R	rec	4ae5280c-cdca-444a-b90d-6060478bf3d6
2024-09-11 09:11:58.135781	2024-09-11 09:11:58.135793	plgnd	1215862520	R	rec	af767194-8dd5-4e81-a39b-c0edbd40e91a
2024-09-11 09:11:58.183554	2024-09-11 09:11:58.183559	plgnd	1208649175	R	rec	9bbb958d-15bd-468d-acbd-f7d6f51de4f3
2024-09-11 09:11:58.236268	2024-09-11 09:11:58.236272	plgnd	1206005505	R	rec	f23aaa29-ae17-4f6d-87d4-6c81641bd469
2024-09-11 09:11:58.30912	2024-09-11 09:11:58.309132	plgnd	1203261837	R	rec	0df588af-3f8b-4e6e-a24f-96656942d55c
2024-09-11 09:11:58.382653	2024-09-11 09:11:58.382668	plgnd	1197938001	R	rec	6a8ade56-57c7-4b0f-a528-10bf108b817c
2024-09-11 09:11:58.444068	2024-09-11 09:11:58.444082	plgnd	1192399013	R	rec	ff8cce43-d5cd-452a-b923-2e579744da40
2024-09-11 09:11:58.515883	2024-09-11 09:11:58.515888	plgnd	1191133729	R	rec	9c2aa924-907d-43d7-a448-281dc7ec6c8c
2024-09-11 09:11:58.575946	2024-09-11 09:11:58.575951	plgnd	1190333392	R	rec	5fbcbc24-287d-43d5-b309-3c71c8906182
2024-09-11 09:11:58.648361	2024-09-11 09:11:58.648368	plgnd	1190333082	R	rec	be3d0f18-0b68-4c0c-b309-b3172857098a
2024-09-11 09:11:58.701951	2024-09-11 09:11:58.701961	plgnd	1190328259	R	rec	2a4dfcb5-62dc-43d0-a091-6ba4694eba80
2024-09-11 09:11:58.754928	2024-09-11 09:11:58.754941	plgnd	1189443015	R	rec	2066c8cb-e8dd-4d6e-ae8b-6bf6c2fb5009
2024-09-11 09:11:58.820931	2024-09-11 09:11:58.820942	plgnd	1188738658	R	rec	642a6fe4-7d72-4c73-878b-2c2ad50a6c25
2024-09-11 09:11:58.882958	2024-09-11 09:11:58.882969	plgnd	1184832803	R	rec	b6e99a95-c1b3-48c1-9e17-f1d00b627386
2024-09-11 09:11:58.968999	2024-09-11 09:11:58.969004	plgnd	1184428727	R	rec	0e157401-da5a-4389-9bc8-3f7c8ff1f297
2024-09-11 09:11:59.102523	2024-09-11 09:11:59.102528	plgnd	1182916759	R	rec	7073cc7e-1ae4-4d7c-952e-87420daa388b
2024-09-11 09:11:59.176869	2024-09-11 09:11:59.17688	plgnd	1182704948	R	rec	be5a769d-0b70-46f4-b3f1-b29b6daadf38
2024-09-11 09:11:59.250981	2024-09-11 09:11:59.250986	plgnd	1180664485	R	rec	a5a92971-cf3d-4d97-bfe3-5c5c996a252f
2024-09-11 09:11:59.323169	2024-09-11 09:11:59.323174	plgnd	1180620623	R	rec	a5ad22aa-3a07-41fa-9169-d83e5e3baac7
2024-09-11 09:11:59.419831	2024-09-11 09:11:59.419837	plgnd	1179502884	R	rec	089fc9e6-ffb0-46cd-8cac-c2ff63b09f6d
2024-09-11 09:11:59.506202	2024-09-11 09:11:59.506207	plgnd	1177183811	R	rec	f2cfac70-1f5b-4b80-bd4c-f12bca1b7701
2024-09-11 09:11:59.559154	2024-09-11 09:11:59.55916	plgnd	1177087480	R	rec	3a621bd4-980b-4b8d-8860-fc7049b614ee
2024-09-11 09:11:59.624047	2024-09-11 09:11:59.624057	plgnd	1171383401	R	rec	460df84a-07ab-404e-8eef-901e89e7b97c
2024-09-11 09:11:59.678985	2024-09-11 09:11:59.678991	plgnd	1169806708	R	rec	21da9ea6-527e-462c-958f-3cf6a6e27b04
2024-09-11 09:11:59.743995	2024-09-11 09:11:59.744	plgnd	1169806686	R	rec	f666ac27-3c68-4e4f-8e2f-07b770c91f88
2024-09-11 09:11:59.819933	2024-09-11 09:11:59.819943	plgnd	1169805167	R	rec	f0939956-db22-4709-9bb5-78919adc8126
2024-09-11 09:11:59.884207	2024-09-11 09:11:59.884217	plgnd	1169805140	R	rec	7d586d39-0959-4778-b699-8f6aeacf18f7
2024-09-11 09:11:59.964772	2024-09-11 09:11:59.964782	plgnd	1167694643	R	rec	95e7032d-e7a9-4e0d-8cdb-54cd49a4f9aa
2024-09-11 09:12:00.059692	2024-09-11 09:12:00.059698	plgnd	1167335767	R	rec	89d04454-e416-43ad-847c-6f71d0dfd2dc
2024-09-11 09:12:00.166162	2024-09-11 09:12:00.166167	plgnd	1166988325	R	rec	95ac6c27-35a5-4c9d-af31-ff7d532fae8c
2024-09-11 09:12:00.259321	2024-09-11 09:12:00.259326	plgnd	1166988007	R	rec	f317a8a9-08d8-410d-95c9-d49c7b28757e
2024-09-11 09:12:00.335149	2024-09-11 09:12:00.335153	plgnd	1166098877	R	rec	bbaa703f-57e4-4148-8079-4a8e3dbb9935
2024-09-11 09:12:00.417273	2024-09-11 09:12:00.417284	plgnd	1165597586	R	rec	d184f420-24af-4eee-9a0a-c34434fc94c6
2024-09-11 09:12:00.538244	2024-09-11 09:12:00.538249	plgnd	1164527657	R	rec	6ffe6304-5927-47c1-9360-fc5db03fba77
2024-09-11 09:12:00.590777	2024-09-11 09:12:00.590788	plgnd	116355815X	R	rec	2acb7015-46e0-4c93-b86f-4cd6af40b796
2024-09-11 09:12:00.670463	2024-09-11 09:12:00.670469	plgnd	1163558095	R	rec	a244c93f-f373-4930-be4e-65148d7a5a3a
2024-09-11 09:12:00.787023	2024-09-11 09:12:00.787028	plgnd	1163419907	R	rec	9d62cde1-746c-4931-8a5c-766fbbf278de
2024-09-11 09:12:00.844313	2024-09-11 09:12:00.84444	plgnd	1161830820	R	rec	16da74f7-68ed-42cf-bb68-39467523d512
2024-09-11 09:12:00.929309	2024-09-11 09:12:00.929318	plgnd	1161625046	R	rec	d049401d-ac9f-4739-969b-2ead23f91b67
2024-09-11 09:12:01.084261	2024-09-11 09:12:01.084265	plgnd	1156658128	R	rec	400589c0-b57f-42a4-8306-0297ee968d0a
2024-09-11 09:12:01.144238	2024-09-11 09:12:01.144243	plgnd	1156051029	R	rec	c2306d1b-e212-4736-87d9-fd43f3854faa
2024-09-11 09:12:01.221054	2024-09-11 09:12:01.221058	plgnd	1148115242	R	rec	6a033e59-009b-4de9-a03f-b14562008688
2024-09-11 09:12:01.356188	2024-09-11 09:12:01.356194	plgnd	1147654123	R	rec	5634681e-439a-4b3f-8d70-8831e4e77531
2024-09-11 09:12:01.409832	2024-09-11 09:12:01.409842	plgnd	1143714245	R	rec	ea9ae3ce-2bfd-495b-b42a-0974b975d907
2024-09-11 09:12:01.490502	2024-09-11 09:12:01.490513	plgnd	1143154991	R	rec	3290c62e-02a2-4511-8e3a-fbd47d5d6853
2024-09-11 09:12:01.554985	2024-09-11 09:12:01.55499	plgnd	1142135993	R	rec	b93a0bdd-6d69-40fe-8a72-ae09ee1a911f
2024-09-11 09:12:01.632292	2024-09-11 09:12:01.632302	plgnd	1139463888	R	rec	3baa8a8a-2f64-4c82-8fd3-fa03be21d297
2024-09-11 09:12:01.693445	2024-09-11 09:12:01.693455	plgnd	113914071X	R	rec	92b2036c-2b37-4883-bc58-482e9b932ee1
2024-09-11 09:12:01.762177	2024-09-11 09:12:01.762181	plgnd	113698612X	R	rec	f69c1f33-4d17-4bae-9e7d-9c8da7744bac
2024-09-11 09:12:01.829211	2024-09-11 09:12:01.829221	plgnd	1136731237	R	rec	12f1c4a4-d14b-4e0a-bdb3-96bfe7f964a4
2024-09-11 09:12:01.900122	2024-09-11 09:12:01.900126	plgnd	1136092293	R	rec	31cbdda7-bff2-4797-b32c-babae82e46d5
2024-09-11 09:12:01.956747	2024-09-11 09:12:01.956752	plgnd	1135805342	R	rec	84f5d3a9-08a3-4375-8f8d-4a6f17e86dda
2024-09-11 09:12:02.094643	2024-09-11 09:12:02.094648	plgnd	1135798842	R	rec	bdbb0593-d481-498f-b7d5-2cc73deaa692
2024-09-11 09:12:02.142731	2024-09-11 09:12:02.142736	plgnd	1133293247	R	rec	f228c087-a659-4f48-a2fc-48766767a23a
2024-09-11 09:12:02.224063	2024-09-11 09:12:02.224068	plgnd	1132227771	R	rec	e64006ca-be76-4388-bf4f-f160429b4a88
2024-09-11 09:12:02.348992	2024-09-11 09:12:02.348997	plgnd	1124279156	R	rec	021ec8ab-6860-4382-9408-bfdfe77a0445
2024-09-11 09:12:02.410967	2024-09-11 09:12:02.410978	plgnd	1122747160	R	rec	d5532458-aaee-4120-bfcb-5f33253c1888
2024-09-11 09:12:02.516924	2024-09-11 09:12:02.516929	plgnd	1122668171	R	rec	584ef8fa-6f3f-4409-87e8-62426a745191
2024-09-11 09:12:02.571724	2024-09-11 09:12:02.571734	plgnd	112132925X	R	rec	fdcf1667-e1d2-4118-89ae-a0e4e311bf8b
2024-09-11 09:12:02.643431	2024-09-11 09:12:02.64344	plgnd	1107605113	R	rec	c2a3126c-faad-4df0-acae-ca59a354631f
2024-09-11 09:12:02.702763	2024-09-11 09:12:02.702772	plgnd	1105589110	R	rec	f01b5e0c-3a6f-4779-a9a0-c611902aea9d
2024-09-11 09:12:02.777569	2024-09-11 09:12:02.777574	plgnd	1101612258	R	rec	4fe736ac-e963-4ba5-b837-8fb8dc94d82d
2024-09-11 09:12:02.829897	2024-09-11 09:12:02.829902	plgnd	1100323325	R	rec	6e27c30c-1bc2-47d5-8eb5-98efae2011c1
2024-09-11 09:12:02.886233	2024-09-11 09:12:02.886238	plgnd	1100201831	R	rec	da9e748e-1024-4e70-ba45-a53df794d6a5
2024-09-11 09:12:02.951337	2024-09-11 09:12:02.951342	plgnd	1099133092	R	rec	a539112f-2f26-47aa-9aef-f9aed19e1099
2024-09-11 09:12:03.095042	2024-09-11 09:12:03.095046	plgnd	1099132061	R	rec	a24a6089-471a-4a7d-9435-c4e79cc93b33
2024-09-11 09:12:03.155657	2024-09-11 09:12:03.155663	plgnd	1097213617	R	rec	ee8939cb-d3f4-472b-84d1-3eec9f71bfed
2024-09-11 09:12:03.221241	2024-09-11 09:12:03.221246	plgnd	1095576461	R	rec	66be56b0-51b2-48a2-bd30-d03b6b9b9aa7
2024-09-11 09:12:03.29566	2024-09-11 09:12:03.295665	plgnd	1085229823	R	rec	b84c6adf-3ea1-46f6-ace1-7c96709d55b0
2024-09-11 09:12:03.380167	2024-09-11 09:12:03.380172	plgnd	1082797251	R	rec	e25357d6-845b-43df-ae70-dd0ce57d6d9e
2024-09-11 09:12:03.448421	2024-09-11 09:12:03.448431	plgnd	1082520101	R	rec	f3a372d5-3f2d-491b-9cde-4fa631af9508
2024-09-11 09:12:03.529476	2024-09-11 09:12:03.529485	plgnd	1082153850	R	rec	4b136454-c212-4ee1-83e0-522f8fbe5eb2
2024-09-11 09:12:03.59896	2024-09-11 09:12:03.598969	plgnd	1082012033	R	rec	39c87a5c-9821-4f0b-b6a9-c3ff79bcbc69
2024-09-11 09:12:03.668462	2024-09-11 09:12:03.668466	plgnd	1082001430	R	rec	791a20ad-6453-4a06-a5cc-c2ab0adae15c
2024-09-11 09:12:03.739169	2024-09-11 09:12:03.739175	plgnd	1081845031	R	rec	fa6d321a-292a-4c51-a381-06b01be5a0db
2024-09-11 09:12:03.808631	2024-09-11 09:12:03.808641	plgnd	1081844973	R	rec	0a4e76be-d8a6-4b6f-bb8d-fc1274f63796
2024-09-11 09:12:03.867999	2024-09-11 09:12:03.868008	plgnd	1081842474	R	rec	5c83815c-3ae9-46db-920b-e6190176673c
2024-09-11 09:12:03.938307	2024-09-11 09:12:03.938346	plgnd	1081839082	R	rec	bd93891b-180d-4055-8efa-3918dba0c9e6
2024-09-11 09:12:04.161439	2024-09-11 09:12:04.161443	plgnd	1081838779	R	rec	85ee4b04-c6eb-48fb-aa2a-737d61aad51a
2024-09-11 09:12:04.215416	2024-09-11 09:12:04.215421	plgnd	1081838655	R	rec	4278aa42-4602-42d2-8425-5291c33ba121
2024-09-11 09:12:04.301623	2024-09-11 09:12:04.301627	plgnd	1081838507	R	rec	ab8fa2fb-405e-4c23-9a1e-0056a9babd3c
2024-09-11 09:12:04.370273	2024-09-11 09:12:04.370278	plgnd	1081838396	R	rec	a6cb5227-4309-47c6-bbeb-6a7aa264db7e
2024-09-11 09:12:04.433213	2024-09-11 09:12:04.433223	plgnd	1081838310	R	rec	10342be1-bc3e-42c2-adf1-c7e919f7ec05
2024-09-11 09:12:04.506669	2024-09-11 09:12:04.50668	plgnd	1081838167	R	rec	0022a9af-e9ed-408c-8f8e-767e3c62750c
2024-09-11 09:12:04.580659	2024-09-11 09:12:04.580669	plgnd	1081838051	R	rec	091679aa-7b11-4341-a3be-19d8d2ef2bae
2024-09-11 09:12:04.647734	2024-09-11 09:12:04.64774	plgnd	1081330236	R	rec	214a6130-5783-4946-ac54-bb4d902176a0
2024-09-11 09:12:04.713712	2024-09-11 09:12:04.713717	plgnd	1081212918	R	rec	2babe7c0-f3c8-4ef8-8dde-cb18d7739402
2024-09-11 09:12:04.786265	2024-09-11 09:12:04.786275	plgnd	1081097930	R	rec	0651217d-1c23-4222-ab0a-f74676036281
2024-09-11 09:12:04.859951	2024-09-11 09:12:04.859957	plgnd	1079692916	R	rec	3e10e7fa-3861-474d-894a-848a71ca4cd3
2024-09-11 09:12:04.927067	2024-09-11 09:12:04.92708	plgnd	1079568352	R	rec	d313a73d-723c-4f82-95ae-4f0727a5a293
2024-09-11 09:12:05.02817	2024-09-11 09:12:05.028176	plgnd	1078131902	R	rec	e1256213-80a2-4d7a-8981-80ed76b95558
2024-09-11 09:12:05.101796	2024-09-11 09:12:05.101805	plgnd	1077893450	R	rec	1f5adec0-aaba-47b2-99a9-ed1137f6d4c3
2024-09-11 09:12:05.159204	2024-09-11 09:12:05.15921	plgnd	1077053320	R	rec	9344f34d-590f-48ef-9a4f-cdd2f6649e59
2024-09-11 09:12:05.215039	2024-09-11 09:12:05.215043	plgnd	1077053185	R	rec	c298482f-6cb9-4783-af27-5d1852a1b3c9
2024-09-11 09:12:05.266953	2024-09-11 09:12:05.266963	plgnd	107699847X	R	rec	b9f2793d-0fd9-42ad-8f52-eb2484c8ebbb
2024-09-11 09:12:05.340606	2024-09-11 09:12:05.340622	plgnd	1076027032	R	rec	d487bced-6e27-49ae-b88f-12236009dcda
2024-09-11 09:12:05.415614	2024-09-11 09:12:05.415626	plgnd	1075827361	R	rec	c03f57de-ad82-412a-adf7-550121a1809e
2024-09-11 09:12:05.48368	2024-09-11 09:12:05.48369	plgnd	1075220467	R	rec	26706095-acca-4964-9cef-12131b2c65f3
2024-09-11 09:12:05.594221	2024-09-11 09:12:05.594231	plgnd	1074377397	R	rec	4a4f21ad-ac8d-40fb-95a4-6b9c435f79c5
2024-09-11 09:12:05.670818	2024-09-11 09:12:05.670823	plgnd	1074316908	R	rec	07f1fc7b-937a-4ea2-8f54-e1e57ba30e19
2024-09-11 09:12:05.744663	2024-09-11 09:12:05.744669	plgnd	107399077X	R	rec	86c0b22f-81a9-4e9c-b165-4c429e3dc7f4
2024-09-11 09:12:05.835029	2024-09-11 09:12:05.83504	plgnd	1073950220	R	rec	a35d60fe-cc0a-4ce1-a138-d81d73535fee
2024-09-11 09:12:05.912746	2024-09-11 09:12:05.912756	plgnd	107373157X	R	rec	62586bd7-345a-4e96-9a88-a6f96a99e1ad
2024-09-11 09:12:05.985843	2024-09-11 09:12:05.985854	plgnd	1073724549	R	rec	afc63d61-6367-4608-a217-333d200d798c
2024-09-11 09:12:06.060515	2024-09-11 09:12:06.060526	plgnd	107362062X	R	rec	07ef4adc-7e39-447c-aad3-9650fc0293f9
2024-09-11 09:12:06.11549	2024-09-11 09:12:06.115501	plgnd	1073267830	R	rec	705e4489-e11c-4a27-9253-9c84fe7beb51
2024-09-11 09:12:06.17498	2024-09-11 09:12:06.174986	plgnd	107283314X	R	rec	57db4382-0113-4d28-a9bf-8c8cb44f7de8
2024-09-11 09:12:06.238187	2024-09-11 09:12:06.238198	plgnd	1071872435	R	rec	84331057-4979-4e81-9025-8d280a597d64
2024-09-11 09:12:06.329002	2024-09-11 09:12:06.329014	plgnd	1071862391	R	rec	ad09d8b9-afc9-4381-98c7-3b080c73374b
2024-09-11 09:12:06.414767	2024-09-11 09:12:06.414779	plgnd	1070113026	R	rec	d06f30f2-4a2b-4467-be5b-994ad6eb9dc8
2024-09-11 09:12:06.503153	2024-09-11 09:12:06.503164	plgnd	1069803782	R	rec	ae97f9a1-6c73-436f-9f7f-dd97679a0c04
2024-09-11 09:12:06.615917	2024-09-11 09:12:06.615923	plgnd	1068118490	R	rec	3fac8848-f513-4daa-a0fd-a4ed6c1c5cde
2024-09-11 09:12:06.68045	2024-09-11 09:12:06.680456	plgnd	1067883703	R	rec	0b49abcd-b448-4c66-b060-1274a8888ba5
2024-09-11 09:12:06.757912	2024-09-11 09:12:06.757922	plgnd	1067878831	R	rec	a1f44dcc-2775-43b5-b408-4cc6ea76e855
2024-09-11 09:12:06.837739	2024-09-11 09:12:06.83775	plgnd	1067860142	R	rec	3ae7f557-38b5-4d8f-8cf2-6b1f33117da0
2024-09-11 09:12:06.915747	2024-09-11 09:12:06.915758	plgnd	1067637184	R	rec	238a0625-79d2-4339-88bc-c109ff61ca05
2024-09-11 09:12:06.990217	2024-09-11 09:12:06.990227	plgnd	1067636757	R	rec	71e3babf-1d2e-4275-aec7-1b4c1f76b183
2024-09-11 09:12:07.062462	2024-09-11 09:12:07.062472	plgnd	1067274006	R	rec	283f166c-5706-4eae-a475-939c2e769a54
2024-09-11 09:12:07.13178	2024-09-11 09:12:07.13179	plgnd	1067272488	R	rec	82ab6f3f-a626-4e16-abee-d7eba6bb2dfd
2024-09-11 09:12:07.190171	2024-09-11 09:12:07.190177	plgnd	1064960243	R	rec	70281fbe-fb93-485f-a4e0-445c22574f9d
2024-09-11 09:12:07.249496	2024-09-11 09:12:07.249501	plgnd	1064714455	R	rec	5cc4c01e-062a-41e2-b7e9-9d6a8ea6a226
2024-09-11 09:12:07.327114	2024-09-11 09:12:07.327125	plgnd	1064601502	R	rec	1394f334-5649-4502-a3dc-dce7a047d9d4
2024-09-11 09:12:07.393973	2024-09-11 09:12:07.393982	plgnd	1064049419	R	rec	b0e7741e-fecf-492c-a6d6-c5b1e1d7e982
2024-09-11 09:12:07.462783	2024-09-11 09:12:07.462792	plgnd	1062979583	R	rec	cad88568-0510-429e-842e-071cfdcf406b
2024-09-11 09:12:07.530984	2024-09-11 09:12:07.53099	plgnd	1062970004	R	rec	71e8e3ba-8007-4af3-a439-13635e31f057
2024-09-11 09:12:07.587597	2024-09-11 09:12:07.587608	plgnd	1062891848	R	rec	b185b857-6a96-478a-ab31-97cbe96aacff
2024-09-11 09:12:07.655318	2024-09-11 09:12:07.655323	plgnd	1062531191	R	rec	244339e1-faea-45c0-bbea-d256fdb594f0
2024-09-11 09:12:07.712492	2024-09-11 09:12:07.712498	plgnd	1062516109	R	rec	e18bc4cf-53f9-4bf5-be5b-ac6ffbfea36a
2024-09-11 09:12:07.780513	2024-09-11 09:12:07.780524	plgnd	1061004198	R	rec	fddc5aa6-5980-42bc-9faf-b837e417187a
2024-09-11 09:12:07.85177	2024-09-11 09:12:07.851776	plgnd	1060849127	R	rec	b329f96f-e70b-4dde-9170-a985c7eb57cc
2024-09-11 09:12:07.920652	2024-09-11 09:12:07.920657	plgnd	106081482X	R	rec	ab1dcc4c-6dc8-45f5-aae8-0f2f0fca97f5
2024-09-11 09:12:07.993457	2024-09-11 09:12:07.993462	plgnd	1060503611	R	rec	0b83932c-4699-434c-b22f-761b9c1b5e4a
2024-09-11 09:12:08.0617	2024-09-11 09:12:08.061711	plgnd	1060503166	R	rec	8f7699c7-cb32-458d-9b4c-bbb4c27db131
2024-09-11 09:12:08.153739	2024-09-11 09:12:08.153745	plgnd	1060502798	R	rec	c99cc929-3deb-4b84-9cfa-b2028d0cae7a
2024-09-11 09:12:08.201579	2024-09-11 09:12:08.201584	plgnd	1060502682	R	rec	904abde3-8760-4871-9dcd-018fa5ec171a
2024-09-11 09:12:08.253949	2024-09-11 09:12:08.253966	plgnd	1060502585	R	rec	6707ca1f-4d04-4165-be2d-559d4b130b93
2024-09-11 09:12:08.317603	2024-09-11 09:12:08.317613	plgnd	1060502372	R	rec	00e4ea78-628d-47d2-bb6a-4ba174a1ff49
2024-09-11 09:12:08.390859	2024-09-11 09:12:08.390864	plgnd	106050216X	R	rec	529ecf03-ff3c-41dd-b4fe-102cc46db45c
2024-09-11 09:12:08.470483	2024-09-11 09:12:08.470488	plgnd	1060501902	R	rec	67a1405a-2714-447a-904a-28bf31ddc519
2024-09-11 09:12:08.539518	2024-09-11 09:12:08.539534	plgnd	1060501759	R	rec	970efc49-b115-440a-a259-bd997bed595f
2024-09-11 09:12:08.60722	2024-09-11 09:12:08.607231	plgnd	1060501457	R	rec	ab404515-f056-4644-856b-041df5eaa6b8
2024-09-11 09:12:08.673889	2024-09-11 09:12:08.673895	plgnd	106050104X	R	rec	9c59f55c-595d-4c3b-b057-03335c501acb
2024-09-11 09:12:08.747616	2024-09-11 09:12:08.747626	plgnd	1060419319	R	rec	7fea4ca7-2349-4a2e-a53f-b21362ecdbcc
2024-09-11 09:12:08.822739	2024-09-11 09:12:08.822744	plgnd	1060401134	R	rec	a253ce7c-3fbb-456f-a4b6-e2d42e63f16c
2024-09-11 09:12:08.887862	2024-09-11 09:12:08.887872	plgnd	1060238128	R	rec	c2e93b90-6b43-4a11-a4b5-e76276ec2d0a
2024-09-11 09:12:08.946283	2024-09-11 09:12:08.946294	plgnd	1060132206	R	rec	707f2915-1d67-4fba-920f-e6d0099de055
2024-09-11 09:12:09.024793	2024-09-11 09:12:09.024799	plgnd	1060087367	R	rec	1aab78e0-42f2-4ec5-876a-81c32f64d250
2024-09-11 09:12:09.094937	2024-09-11 09:12:09.094942	plgnd	1059448831	R	rec	00335125-85c4-4ff3-86e2-f616edd35906
2024-09-11 09:12:09.172677	2024-09-11 09:12:09.172682	plgnd	1059378396	R	rec	06992169-ac2f-43b8-ba78-e275a11a1b1e
2024-09-11 09:12:09.230698	2024-09-11 09:12:09.230703	plgnd	1059376946	R	rec	6c9e1e3f-f328-447f-bdc0-c8db51285dbd
2024-09-11 09:12:09.284289	2024-09-11 09:12:09.284295	plgnd	1059359022	R	rec	67e5386d-abb8-4c60-bca0-eb5e7030efab
2024-09-11 09:12:09.342625	2024-09-11 09:12:09.342631	plgnd	1059357755	R	rec	6cef1ca5-86fe-4dc0-a4d4-928e62e55d80
2024-09-11 09:12:09.402674	2024-09-11 09:12:09.40268	plgnd	1059250454	R	rec	d5d94ef5-7e3a-481e-a22c-b33fadf6409c
2024-09-11 09:12:09.472368	2024-09-11 09:12:09.472386	plgnd	105914249X	R	rec	dd55ae1a-8bf9-4239-8c4d-7a6151b4260c
2024-09-11 09:12:09.555914	2024-09-11 09:12:09.55592	plgnd	1058994743	R	rec	36733e0e-b844-4bfc-8afa-5d5097fd68b5
2024-09-11 09:12:09.629303	2024-09-11 09:12:09.629312	plgnd	1058986333	R	rec	832e7c20-cdde-45c7-bcaf-b9bdd3a71c77
2024-09-11 09:12:09.690486	2024-09-11 09:12:09.690496	plgnd	1058985299	R	rec	ce5c24ed-68c4-444a-ae36-3b33651a61fe
2024-09-11 09:12:09.744515	2024-09-11 09:12:09.744521	plgnd	1058984144	R	rec	02f857e8-d797-47a1-b7e2-d3b309a17834
2024-09-11 09:12:09.810631	2024-09-11 09:12:09.810636	plgnd	1058973045	R	rec	f97daf61-aff3-46fa-84af-9571d61becb8
2024-09-11 09:12:09.870633	2024-09-11 09:12:09.870644	plgnd	1058939068	R	rec	bf8970a4-ad30-4b66-812c-5921692b1b33
2024-09-11 09:12:09.951609	2024-09-11 09:12:09.951614	plgnd	105892978X	R	rec	dd09168d-fd65-43ef-925c-4bb67200fb35
2024-09-11 09:12:10.010021	2024-09-11 09:12:10.010026	plgnd	1058928732	R	rec	d2b3ab07-260a-4007-9a48-0aeea2d98cde
2024-09-11 09:12:10.082512	2024-09-11 09:12:10.082523	plgnd	1058919954	R	rec	e8e082b7-9194-479a-b614-9ae3088c90ad
2024-09-11 09:12:10.157073	2024-09-11 09:12:10.157084	plgnd	1058918176	R	rec	a7fb9857-d293-4e62-a668-c6e8f9963589
2024-09-11 09:12:10.237123	2024-09-11 09:12:10.237129	plgnd	1058899597	R	rec	f1621a10-6f03-4e05-ac0c-de67337e81a2
2024-09-11 09:12:10.305318	2024-09-11 09:12:10.30533	plgnd	1058896318	R	rec	70cfc50b-3a06-4965-abd7-4135741f5e34
2024-09-11 09:12:10.376423	2024-09-11 09:12:10.376433	plgnd	1058890611	R	rec	8443f4ac-9e24-407a-ba3c-f9382a0bccd3
2024-09-11 09:12:10.435296	2024-09-11 09:12:10.4353	plgnd	1058880373	R	rec	fd10487c-9907-4780-ad61-3716dc054100
2024-09-11 09:12:10.498204	2024-09-11 09:12:10.498214	plgnd	1058876872	R	rec	ad33ede8-e037-472f-830f-02a731a5cf05
2024-09-11 09:12:10.564113	2024-09-11 09:12:10.564117	plgnd	1058840819	R	rec	6181f28e-db21-45e3-a43c-00496dc19203
2024-09-11 09:12:10.617888	2024-09-11 09:12:10.617893	plgnd	1058838512	R	rec	858e3fcf-d2e1-4705-a3cf-17abc422304b
2024-09-11 09:12:10.68477	2024-09-11 09:12:10.684775	plgnd	1058667343	R	rec	3e767764-9875-4cfd-8d5a-ebd2337fabd1
2024-09-11 09:12:10.74316	2024-09-11 09:12:10.743171	plgnd	1058664468	R	rec	75dadb25-1ac5-4028-bd76-31afcb0da9d8
2024-09-11 09:12:10.798727	2024-09-11 09:12:10.798737	plgnd	1058661396	R	rec	cf8891e2-20cc-456b-a363-b16aecc1a916
2024-09-11 09:12:10.87105	2024-09-11 09:12:10.871055	plgnd	1058651994	R	rec	51d3b876-b4bf-4788-bf06-a8ad3857df6f
2024-09-11 09:12:10.941643	2024-09-11 09:12:10.941648	plgnd	1058639919	R	rec	c6cc6c8c-8cd4-4c01-9ddc-299194a6d235
2024-09-11 09:12:11.019749	2024-09-11 09:12:11.019754	plgnd	105863982X	R	rec	4f7b0f65-2aeb-4833-8e43-e9cc85d5d256
2024-09-11 09:12:11.094001	2024-09-11 09:12:11.094011	plgnd	1058622773	R	rec	0004040a-669a-45f0-9b4a-9318f4ab3aa7
2024-09-11 09:12:11.162028	2024-09-11 09:12:11.162032	plgnd	1058616684	R	rec	4fbec76c-2dfa-4a46-8244-895ab4bf1b03
2024-09-11 09:12:11.227788	2024-09-11 09:12:11.227793	plgnd	1058616579	R	rec	831b1581-c295-42de-9f14-74893f54874c
2024-09-11 09:12:11.307867	2024-09-11 09:12:11.307879	plgnd	1058583018	R	rec	674357ee-17d5-4615-9a5f-323e8bd331e4
2024-09-11 09:12:11.392367	2024-09-11 09:12:11.392378	plgnd	1058579045	R	rec	d5a566e6-2483-4942-be8c-4fb0cce8d76b
2024-09-11 09:12:11.475428	2024-09-11 09:12:11.475433	plgnd	1058463993	R	rec	f73d9198-7cfb-44c1-a942-10edefff2118
2024-09-11 09:12:11.552704	2024-09-11 09:12:11.552708	plgnd	1058463896	R	rec	9d453b86-f9e3-406a-b164-9267bb093cc8
2024-09-11 09:12:11.643236	2024-09-11 09:12:11.643248	plgnd	1058460862	R	rec	e18c8596-7dc6-4f7c-a006-4c74412eff8e
2024-09-11 09:12:11.703073	2024-09-11 09:12:11.703078	plgnd	1058460293	R	rec	79eb50f1-45f3-46df-9a6b-36bafcb49612
2024-09-11 09:12:11.756985	2024-09-11 09:12:11.756994	plgnd	1058395726	R	rec	72a1c82f-9112-4e4a-bb8e-b4fdaf07f776
2024-09-11 09:12:11.822034	2024-09-11 09:12:11.822045	plgnd	1058041142	R	rec	901ca7f9-2b41-451e-99e9-e02b4db43a42
2024-09-11 09:12:11.892131	2024-09-11 09:12:11.892143	plgnd	1057942928	R	rec	6e488794-d87c-4bc3-bfd5-0687c0d00c9a
2024-09-11 09:12:11.964173	2024-09-11 09:12:11.964184	plgnd	1056973714	R	rec	29e168e7-36c0-44af-9d17-a9d6b485c865
2024-09-11 09:12:12.034704	2024-09-11 09:12:12.034715	plgnd	1055068716	R	rec	c4e998e3-1435-455a-897e-880b895140de
2024-09-11 09:12:12.099307	2024-09-11 09:12:12.099318	plgnd	1054961824	R	rec	d3786adc-4692-4fe1-a114-9f3d568ae378
2024-09-11 09:12:12.182131	2024-09-11 09:12:12.182136	plgnd	1054631026	R	rec	ae61eede-b5c8-4a28-960c-f76b3c5bf51a
2024-09-11 09:12:12.244662	2024-09-11 09:12:12.244672	plgnd	1054611041	R	rec	1e85843f-828b-4896-8475-eaa1cc92f48d
2024-09-11 09:12:12.321981	2024-09-11 09:12:12.321992	plgnd	1054442959	R	rec	1a6c6420-9fa8-41f3-8dbb-5bd047c84c9c
2024-09-11 09:12:12.394075	2024-09-11 09:12:12.39408	plgnd	1054382255	R	rec	46113f00-e2ad-4705-936f-53a7e403f209
2024-09-11 09:12:12.463787	2024-09-11 09:12:12.463797	plgnd	1054036489	R	rec	1274dab1-8e6d-4c02-a6a7-60c3d5426d57
2024-09-11 09:12:12.531809	2024-09-11 09:12:12.531814	plgnd	1054036322	R	rec	d1aad4fb-852c-44d2-9daa-ad394487f496
2024-09-11 09:12:12.586029	2024-09-11 09:12:12.586041	plgnd	105382467X	R	rec	3a8a12ac-950f-457a-998e-0fb71a44f60a
2024-09-11 09:12:12.659379	2024-09-11 09:12:12.659384	plgnd	1053733119	R	rec	243ec614-8342-4d98-be77-162129787a75
2024-09-11 09:12:12.71591	2024-09-11 09:12:12.715915	plgnd	1053694857	R	rec	866d2469-4302-4b72-9ba4-453d47c3eddb
2024-09-11 09:12:12.790726	2024-09-11 09:12:12.790737	plgnd	105366916X	R	rec	1f233770-7118-464c-bad3-a5302bcfcb2d
2024-09-11 09:12:12.859204	2024-09-11 09:12:12.859214	plgnd	1053585039	R	rec	9c4fa906-ddfb-4a00-b28b-60ba85e6972e
2024-09-11 09:12:12.920929	2024-09-11 09:12:12.92094	plgnd	1053578571	R	rec	793af373-3457-41f7-96ac-cb03370bbe36
2024-09-11 09:12:12.991244	2024-09-11 09:12:12.991249	plgnd	1053495382	R	rec	80acfb51-93d8-4945-87e4-26ea20b2b051
2024-09-11 09:12:13.058057	2024-09-11 09:12:13.058062	plgnd	1053460856	R	rec	703b4c60-319b-4c45-a4f7-7a8d55665042
2024-09-11 09:12:13.142282	2024-09-11 09:12:13.142293	plgnd	1051746663	R	rec	ac8c5377-768a-4217-87f8-d935771d7040
2024-09-11 09:12:13.197065	2024-09-11 09:12:13.197071	plgnd	1044268069	R	rec	3d50c9d6-a91d-418b-8bf7-9400ec8c1853
2024-09-11 09:12:13.256458	2024-09-11 09:12:13.256467	plgnd	1038831628	R	rec	cca0d69e-a490-4dbc-8f37-5c9f47eb8a80
2024-09-11 09:12:13.333913	2024-09-11 09:12:13.333918	plgnd	1036912949	R	rec	81bfa320-1c47-4dfb-8165-e04061917f54
2024-09-11 09:12:13.395738	2024-09-11 09:12:13.395743	plgnd	1036573141	R	rec	534f5c5b-fa00-48a8-8bfd-d18a9f43335f
2024-09-11 09:12:13.463393	2024-09-11 09:12:13.463398	plgnd	1035487640	R	rec	aa241e93-a0e3-44e7-ab73-acd2f8736f42
2024-09-11 09:12:13.513579	2024-09-11 09:12:13.513583	plgnd	1032436034	R	rec	e87c999f-9de7-4429-a57f-1b811ebf42a3
2024-09-11 09:12:13.565565	2024-09-11 09:12:13.565576	plgnd	1031571922	R	rec	64cb0b72-7266-4cb9-af0c-fc1513051f0a
2024-09-11 09:12:13.650294	2024-09-11 09:12:13.650306	plgnd	1029389896	R	rec	c56889f6-cf11-4c51-aef2-9d74be6a8337
2024-09-11 09:12:13.703074	2024-09-11 09:12:13.70308	plgnd	1029389233	R	rec	c7ba1f99-c516-4149-949d-9a375cdb0a66
2024-09-11 09:12:13.765937	2024-09-11 09:12:13.765952	plgnd	1029388334	R	rec	2cc30d60-a891-43af-a9e6-acf94c1346ea
2024-09-11 09:12:13.842652	2024-09-11 09:12:13.842668	plgnd	1028231660	R	rec	c1138a04-b169-46f9-84cb-042622022e19
2024-09-11 09:12:13.921196	2024-09-11 09:12:13.921201	plgnd	1024812693	R	rec	87fde741-66c1-481f-940e-3a6d770d7b2d
2024-09-11 09:12:13.985423	2024-09-11 09:12:13.985433	plgnd	1021396656	R	rec	e224edab-3415-456c-8a4d-48c0f6a24d17
2024-09-11 09:12:14.060272	2024-09-11 09:12:14.060278	plgnd	1021113018	R	rec	39a9cbc1-46bc-4ffc-b04a-e24fd4d509b5
2024-09-11 09:12:14.132633	2024-09-11 09:12:14.132644	plgnd	1021112577	R	rec	c1aa9a0b-283f-460d-8444-f1dcc4fc6c7b
2024-09-11 09:12:14.20458	2024-09-11 09:12:14.204585	plgnd	1021112518	R	rec	5a588d39-617d-4d21-917a-fa1eb92e6e4d
2024-09-11 09:12:14.258706	2024-09-11 09:12:14.258712	plgnd	1021112216	R	rec	1ffc2018-2b72-46a9-8836-65e3834bfcc9
2024-09-11 09:12:14.321723	2024-09-11 09:12:14.321729	plgnd	1021056154	R	rec	77d2b669-607a-415b-875a-940ff603c373
2024-09-11 09:12:14.381567	2024-09-11 09:12:14.381572	plgnd	1020911387	R	rec	4ce14684-c33d-464d-b1df-145f80273959
2024-09-11 09:12:14.450223	2024-09-11 09:12:14.450232	plgnd	1020911344	R	rec	ea0fd866-ddb9-43cd-83ba-d71e909e47b7
2024-09-11 09:12:14.529953	2024-09-11 09:12:14.529965	plgnd	1020911026	R	rec	8cd90543-893e-4cd1-a364-a6b757a79c79
2024-09-11 09:12:14.603614	2024-09-11 09:12:14.603619	plgnd	1020897325	R	rec	5fdf6bc1-5267-4f9f-a855-774d8c2fe73e
2024-09-11 09:12:14.660335	2024-09-11 09:12:14.660346	plgnd	1020897236	R	rec	d108402a-ac2d-4157-9463-7ad828c138e7
2024-09-11 09:12:14.714157	2024-09-11 09:12:14.714161	plgnd	1020865318	R	rec	670ccf21-3de2-487f-8712-1cd9787bcba6
2024-09-11 09:12:14.777241	2024-09-11 09:12:14.777252	plgnd	1020865237	R	rec	98b3681b-9048-4df3-9046-c028c969e54d
2024-09-11 09:12:14.855411	2024-09-11 09:12:14.855416	plgnd	1016112106	R	rec	a418a170-ca73-4097-b29e-eaea45f460cd
2024-09-11 09:12:14.934003	2024-09-11 09:12:14.934009	plgnd	1011060752	R	rec	d5979446-cc4a-4c7f-a35e-1ff8c59ae74e
2024-09-11 09:12:15.00896	2024-09-11 09:12:15.008965	plgnd	1010438603	R	rec	060eb00f-9836-49c3-8bef-e04f2871a2a9
2024-09-11 09:12:15.07917	2024-09-11 09:12:15.079182	plgnd	1010249460	R	rec	17f4e136-7644-4854-9cc1-2cd9c74dfbcf
2024-09-11 09:12:15.151793	2024-09-11 09:12:15.151798	plgnd	1009847430	R	rec	6d9cdf2b-0c06-4f7f-ba9c-7cc6eb4b8b5a
2024-09-11 09:12:15.225776	2024-09-11 09:12:15.225782	plgnd	1009707922	R	rec	6a4f17ec-db11-43a3-a979-92e4be4d89a8
2024-09-11 09:12:15.292431	2024-09-11 09:12:15.292436	plgnd	1008073997	R	rec	5df3301e-4cde-48ba-abec-44ea29ed5b70
2024-09-11 09:12:15.368483	2024-09-11 09:12:15.368492	plgnd	1002427517	R	rec	b9d825a1-0a42-4770-b496-73b9e979eef8
2024-09-11 09:12:15.440624	2024-09-11 09:12:15.440629	plgnd	1001762630	R	rec	b88d4231-17d6-40b7-a20a-5a172c63ce14
2024-09-11 09:12:15.515491	2024-09-11 09:12:15.515501	plgnd	996588051	R	rec	186668cf-ad36-41fe-876f-99008b169a6c
2024-09-11 09:12:15.597831	2024-09-11 09:12:15.597842	plgnd	996155910	R	rec	755e9faf-2d72-469a-b60a-94ed64f1cb8a
2024-09-11 09:12:15.697292	2024-09-11 09:12:15.697297	plgnd	995191506	R	rec	60eb4afe-ce94-43ee-997b-98d824a16423
2024-09-11 09:12:15.749268	2024-09-11 09:12:15.749273	plgnd	994536666	R	rec	967936aa-415e-4bf3-863f-72be6aad1155
2024-09-11 09:12:15.815565	2024-09-11 09:12:15.815576	plgnd	992346371	R	rec	b9f79173-4ae9-49d1-8885-4a046c847f3b
2024-09-11 09:12:15.884309	2024-09-11 09:12:15.884313	plgnd	989505952	R	rec	f1667dd6-0940-46fa-bf5c-1e327f3bf940
2024-09-11 09:12:15.965385	2024-09-11 09:12:15.965391	plgnd	98831326X	R	rec	45a1686c-385a-45f9-bef3-763a3541493f
2024-09-11 09:12:16.049137	2024-09-11 09:12:16.049142	plgnd	985253576	R	rec	96a3d71d-e4bb-4a0d-8dde-31cc868bc391
2024-09-11 09:12:16.116076	2024-09-11 09:12:16.116081	plgnd	984645942	R	rec	279fed09-2855-496a-bcf9-49e6f2d038b8
2024-09-11 09:12:16.176135	2024-09-11 09:12:16.176141	plgnd	980891248	R	rec	c75a2449-79a4-46de-9844-9f00985bfc9d
2024-09-11 09:12:16.237633	2024-09-11 09:12:16.237638	plgnd	979131529	R	rec	99f3c439-c659-4114-82d3-91fd99fc41f3
2024-09-11 09:12:16.299133	2024-09-11 09:12:16.299144	plgnd	978966228	R	rec	0bfcf8e7-b16e-49d8-887c-f29afeb1d8b9
2024-09-11 09:12:16.377141	2024-09-11 09:12:16.377146	plgnd	978923855	R	rec	18531370-b75e-44a7-9055-103901715253
2024-09-11 09:12:16.443776	2024-09-11 09:12:16.443787	plgnd	975958925	R	rec	8a77d223-c8af-4427-9d4b-ef7129e90444
2024-09-11 09:12:16.501982	2024-09-11 09:12:16.501986	plgnd	975328573	R	rec	9b58aee5-659c-4de6-a3f7-726cf6bd632c
2024-09-11 09:12:16.569443	2024-09-11 09:12:16.569455	plgnd	974245747	R	rec	ce040bc5-1027-4f57-9be0-ff62c08da268
2024-09-11 09:12:16.64088	2024-09-11 09:12:16.64089	plgnd	97424225X	R	rec	302304f0-8fe3-4112-bd6b-d1f86fa8949b
2024-09-11 09:12:16.70525	2024-09-11 09:12:16.705254	plgnd	973071648	R	rec	a67dab2c-fe77-4549-8c16-9cb0234ee4e1
2024-09-11 09:12:16.770353	2024-09-11 09:12:16.770364	plgnd	973066261	R	rec	91b9f48f-1869-48b0-9939-89d2d61fa538
2024-09-11 09:12:16.863541	2024-09-11 09:12:16.863551	plgnd	973066245	R	rec	f558afc0-5c98-4c43-a4c5-ca2a9820aef0
2024-09-11 09:12:16.938762	2024-09-11 09:12:16.938767	plgnd	973040149	R	rec	7d989722-4c6b-4050-b24a-905af33eeb08
2024-09-11 09:12:17.015524	2024-09-11 09:12:17.015529	plgnd	972651438	R	rec	4e76a0e3-1d98-4695-9d31-599913e50361
2024-09-11 09:12:17.097218	2024-09-11 09:12:17.097223	plgnd	972586601	R	rec	62766fc6-e813-43c7-b899-d60deaaa0fbf
2024-09-11 09:12:17.167664	2024-09-11 09:12:17.167675	plgnd	972515704	R	rec	48dad72c-537c-4c71-8a68-a05418c0708f
2024-09-11 09:12:17.226465	2024-09-11 09:12:17.22647	plgnd	971359709	R	rec	276eed62-81e0-4564-9c33-4e52eb795afb
2024-09-11 09:12:17.292251	2024-09-11 09:12:17.292257	plgnd	970139470	R	rec	0b1c68d3-1e4b-42dc-ab60-046ebeae90ed
2024-09-11 09:12:17.367461	2024-09-11 09:12:17.367471	plgnd	969971028	R	rec	ae633a9b-9cb4-47be-a8c1-7d2fb66a5ece
2024-09-11 09:12:17.436725	2024-09-11 09:12:17.43673	plgnd	969491131	R	rec	ae2b1407-43b5-43c6-96e4-a7d42fc2c3ab
2024-09-11 09:12:17.499552	2024-09-11 09:12:17.499556	plgnd	967753546	R	rec	e956567e-f4e5-47b5-af82-5e06999fc35d
2024-09-11 09:12:17.563364	2024-09-11 09:12:17.563368	plgnd	967681952	R	rec	84b6b0ba-fea3-4535-8108-7f50cf72de42
2024-09-11 09:12:17.635931	2024-09-11 09:12:17.635937	plgnd	967581176	R	rec	648aacf8-3b93-42bd-bf83-615f5f0d11ae
2024-09-11 09:12:17.699613	2024-09-11 09:12:17.699619	plgnd	967180953	R	rec	cda8c1b5-d12a-4633-9467-fa68c2662fb0
2024-09-11 09:12:17.774911	2024-09-11 09:12:17.774922	plgnd	967160480	R	rec	49ac1256-1452-4e45-a47f-be781c796314
2024-09-11 09:12:17.843399	2024-09-11 09:12:17.84341	plgnd	96577578X	R	rec	06a61543-564d-4b6c-92cb-0b8855744c10
2024-09-11 09:12:17.941514	2024-09-11 09:12:17.941525	plgnd	965775429	R	rec	aad0ac94-52bc-45a3-9822-bddf5ba3d945
2024-09-11 09:12:18.020642	2024-09-11 09:12:18.020649	plgnd	965774910	R	rec	654368f9-504b-4f02-9e46-9d3ed630aa68
2024-09-11 09:12:18.109513	2024-09-11 09:12:18.109523	plgnd	965759059	R	rec	a171ff8f-3253-4703-831b-c4533ef3acdb
2024-09-11 09:12:18.189374	2024-09-11 09:12:18.189379	plgnd	96575877X	R	rec	7ff4fa1e-d3d7-4345-9c89-883e6aa9abec
2024-09-11 09:12:18.244372	2024-09-11 09:12:18.244377	plgnd	96563860X	R	rec	2bf4ee3e-937c-473e-a588-82d4b9d931f8
2024-09-11 09:12:18.308441	2024-09-11 09:12:18.308446	plgnd	964991608	R	rec	39c9dffe-2bc9-47b7-8997-95101f670b36
2024-09-11 09:12:18.376217	2024-09-11 09:12:18.376228	plgnd	964462427	R	rec	81b09fac-0ec7-4e70-a2db-9c1650c0564e
2024-09-11 09:12:18.45601	2024-09-11 09:12:18.456019	plgnd	96411822X	R	rec	51f3b824-682b-427b-a1d8-abfd455136fc
2024-09-11 09:12:18.53004	2024-09-11 09:12:18.530051	plgnd	963982559	R	rec	b9babfb2-3043-4af7-9eff-b1cef689dc16
2024-09-11 09:12:18.607532	2024-09-11 09:12:18.607542	plgnd	963957635	R	rec	e736294a-1586-48b6-b9f0-cae2153bfdb1
2024-09-11 09:12:18.690652	2024-09-11 09:12:18.690658	plgnd	963614673	R	rec	094707cf-7336-4a12-a8b5-476dae8b1c88
2024-09-11 09:12:18.755663	2024-09-11 09:12:18.755676	plgnd	963462539	R	rec	73cffcd5-3a9a-497e-9592-8ffcf80571fb
2024-09-11 09:12:18.851904	2024-09-11 09:12:18.851909	plgnd	963082132	R	rec	b2b08f02-dc95-4ea1-90e2-bf0948c76e97
2024-09-11 09:12:18.908761	2024-09-11 09:12:18.908772	plgnd	962048879	R	rec	d69b1e30-ee23-4603-9e0c-f57d7e68534e
2024-09-11 09:12:18.977506	2024-09-11 09:12:18.977511	plgnd	961594519	R	rec	ea533f1e-6c3c-4194-b1c7-d21ba7df2668
2024-09-11 09:12:19.049422	2024-09-11 09:12:19.049428	plgnd	961594497	R	rec	d776c6c7-c5be-4c17-9454-39406ca50eed
2024-09-11 09:12:19.114962	2024-09-11 09:12:19.114971	plgnd	961594454	R	rec	d55dd5be-1306-4c17-a1b6-df9069b05d71
2024-09-11 09:12:19.183322	2024-09-11 09:12:19.183327	plgnd	961395923	R	rec	86493682-c343-4c25-a200-9a7289e48fde
2024-09-11 09:12:19.24263	2024-09-11 09:12:19.242635	plgnd	960863664	R	rec	01600014-14a4-4219-b1ec-854558b36dbc
2024-09-11 09:12:19.3138	2024-09-11 09:12:19.313811	plgnd	960833919	R	rec	cea00842-27ad-4605-9ca3-7187fd896147
2024-09-11 09:12:19.391602	2024-09-11 09:12:19.391613	plgnd	960396268	R	rec	1047d31c-85b5-4f04-a8ae-c72b3c2559b0
2024-09-11 09:12:19.459639	2024-09-11 09:12:19.459652	plgnd	960085726	R	rec	4cda808b-2062-4872-9eb2-19f53e6a55ea
2024-09-11 09:12:19.530127	2024-09-11 09:12:19.530133	plgnd	959934464	R	rec	bd829160-8f6b-4643-87f0-dffd09f8c1b8
2024-09-11 09:12:19.600179	2024-09-11 09:12:19.600184	plgnd	959918612	R	rec	590e5fb0-64ce-488c-a45e-95485e1f685a
2024-09-11 09:12:19.675088	2024-09-11 09:12:19.675099	plgnd	959788719	R	rec	0624ca1e-007f-48e6-a7fc-9015053cb189
2024-09-11 09:12:19.723681	2024-09-11 09:12:19.723685	plgnd	959747575	R	rec	66401ce6-490e-4c35-aa2d-7463efa174fd
2024-09-11 09:12:19.788647	2024-09-11 09:12:19.788652	plgnd	959369872	R	rec	bd77d496-dba3-4066-95f9-7559583a623f
2024-09-11 09:12:19.857516	2024-09-11 09:12:19.857526	plgnd	958777055	R	rec	19bd401a-6d9d-4d29-bce2-3802d9796d01
2024-09-11 09:12:19.931954	2024-09-11 09:12:19.931959	plgnd	958014639	R	rec	146c4ef2-1ef6-4dfb-b682-b7817c8be5e2
2024-09-11 09:12:20.005485	2024-09-11 09:12:20.00549	plgnd	957753551	R	rec	faca5f97-69e5-44d3-900c-f3e48de8a11f
2024-09-11 09:12:20.084497	2024-09-11 09:12:20.084506	plgnd	957586973	R	rec	86e132d6-5374-48e4-872e-222d5cc1fe61
2024-09-11 09:12:20.155407	2024-09-11 09:12:20.155419	plgnd	957565445	R	rec	8e19acb6-3ebe-4714-8ba9-c6cad1617d51
2024-09-11 09:12:20.213115	2024-09-11 09:12:20.21312	plgnd	957211430	R	rec	f0548031-2b49-41f0-9ed3-add945740062
2024-09-11 09:12:20.27357	2024-09-11 09:12:20.27358	plgnd	956443877	R	rec	00512af4-1296-4119-8ee2-8f5971699f8e
2024-09-11 09:12:20.343012	2024-09-11 09:12:20.343025	plgnd	956443842	R	rec	68f88ada-ca03-4666-97e1-6b78cccbd073
2024-09-11 09:12:20.423024	2024-09-11 09:12:20.423035	plgnd	956443613	R	rec	b78d5027-40a8-4239-ba09-eeceaa014c20
2024-09-11 09:12:20.514693	2024-09-11 09:12:20.514704	plgnd	955960134	R	rec	b1607336-bc27-4c43-9844-11956e6cf38b
2024-09-11 09:12:20.603549	2024-09-11 09:12:20.603553	plgnd	955820049	R	rec	e97716fc-b146-40a3-8a19-cb37030d680b
2024-09-11 09:12:20.678952	2024-09-11 09:12:20.678957	plgnd	955573246	R	rec	860b579b-f493-4d75-9473-01bb8bd5915c
2024-09-11 09:12:20.72939	2024-09-11 09:12:20.729396	plgnd	955498058	R	rec	43731e87-2610-4ba1-861c-5bf16f98ec95
2024-09-11 09:12:20.791504	2024-09-11 09:12:20.791516	plgnd	955495768	R	rec	1e798fbb-ff34-4f65-b0b0-dc50240e99c3
2024-09-11 09:12:20.867596	2024-09-11 09:12:20.867602	plgnd	955090547	R	rec	f7e9bb2f-b183-493a-bcdf-fe44aa9e1029
2024-09-11 09:12:20.948129	2024-09-11 09:12:20.948142	plgnd	954472683	R	rec	dff3c6bf-98ff-43db-93a8-3cae71f00dab
2024-09-11 09:12:21.022682	2024-09-11 09:12:21.022688	plgnd	954071832	R	rec	ed3a8a26-a7e2-417a-ac93-559581aa6c3b
2024-09-11 09:12:21.090085	2024-09-11 09:12:21.090096	plgnd	954064593	R	rec	84bf1dff-017b-4065-880e-4be87d385af4
2024-09-11 09:12:21.177768	2024-09-11 09:12:21.177774	plgnd	953168697	R	rec	35db9829-91ed-4d44-8e1e-d43341839977
2024-09-11 09:12:21.237644	2024-09-11 09:12:21.237655	plgnd	953105024	R	rec	d040a2c8-0984-4d1b-a133-c5bec5005194
2024-09-11 09:12:21.32817	2024-09-11 09:12:21.328181	plgnd	952110512	R	rec	e6fbc016-00f3-46dd-8dab-cd78ae074ab1
2024-09-11 09:12:21.41078	2024-09-11 09:12:21.410786	plgnd	951677268	R	rec	243013b7-1c55-466f-8f6e-558dcf4aeaf8
2024-09-11 09:12:21.485047	2024-09-11 09:12:21.485057	plgnd	951510282	R	rec	58bdedbd-9a5f-48f6-ad1f-d1b9ea8b861e
2024-09-11 09:12:21.558948	2024-09-11 09:12:21.55896	plgnd	951510274	R	rec	2470635a-a415-4423-b230-ca797471fad5
2024-09-11 09:12:21.627616	2024-09-11 09:12:21.627622	plgnd	951510258	R	rec	7a8fe126-8727-42b4-8e14-1e80a51697e4
2024-09-11 09:12:21.690485	2024-09-11 09:12:21.690491	plgnd	95135793X	R	rec	a3171007-0b58-4f5f-bbeb-aa36906afd89
2024-09-11 09:12:21.747983	2024-09-11 09:12:21.747988	plgnd	950649155	R	rec	bc99c905-3ab5-46cb-bb47-91dfdcd5832b
2024-09-11 09:12:21.811624	2024-09-11 09:12:21.811637	plgnd	950556149	R	rec	f400e22a-fc89-4ab5-bfdf-9a48da9dfb44
2024-09-11 09:12:21.882778	2024-09-11 09:12:21.882789	plgnd	950356190	R	rec	4d1d3ecf-a2d3-43ea-88fa-a12e60e59c4c
2024-09-11 09:12:21.958663	2024-09-11 09:12:21.958669	plgnd	950339490	R	rec	23e0bc1c-7120-4f8b-b4a8-b9bcac37956f
2024-09-11 09:12:22.020121	2024-09-11 09:12:22.020126	plgnd	950339407	R	rec	2769ec46-4687-4ee3-9b16-fc78d47461a1
2024-09-11 09:12:22.072431	2024-09-11 09:12:22.072442	plgnd	950338338	R	rec	ee05d0c1-096e-4ff8-8a52-077edfa6dfc6
2024-09-11 09:12:22.138187	2024-09-11 09:12:22.138198	plgnd	95033829X	R	rec	f85111ab-3385-4e84-bb56-b243a473d24e
2024-09-11 09:12:22.202564	2024-09-11 09:12:22.202569	plgnd	950338230	R	rec	82a9a25d-4be4-4c68-80a2-9dbcbc892da5
2024-09-11 09:12:22.26998	2024-09-11 09:12:22.269992	plgnd	950338184	R	rec	d8605024-ad22-453d-a10f-245d6e91fc72
2024-09-11 09:12:22.344405	2024-09-11 09:12:22.344417	plgnd	950332429	R	rec	f97a940e-1837-45e4-a8e1-30e3fad6a165
2024-09-11 09:12:22.41397	2024-09-11 09:12:22.413982	plgnd	950332011	R	rec	83dac16c-b3b0-4343-9952-c69b19459663
2024-09-11 09:12:22.492797	2024-09-11 09:12:22.492802	plgnd	950331821	R	rec	d45325ff-b0ba-4c78-8c54-851412ca319b
2024-09-11 09:12:22.573109	2024-09-11 09:12:22.573121	plgnd	950315354	R	rec	e9645765-3822-4da3-a208-e92e361f79b7
2024-09-11 09:12:22.652807	2024-09-11 09:12:22.65282	plgnd	95020109X	R	rec	06750840-b409-46dd-9c8d-b2eb8b44ca58
2024-09-11 09:12:22.716582	2024-09-11 09:12:22.716587	plgnd	950199850	R	rec	5e4a82e5-33be-4a33-b92f-768d357ac6ff
2024-09-11 09:12:22.771091	2024-09-11 09:12:22.771096	plgnd	950199214	R	rec	b6b7646c-e279-439b-9963-13a118b1eab7
2024-09-11 09:12:22.843566	2024-09-11 09:12:22.843577	plgnd	950168637	R	rec	c05b8fa4-395a-409d-a497-c7f4ef451fac
2024-09-11 09:12:22.911632	2024-09-11 09:12:22.911651	plgnd	949740861	R	rec	e31c4c9b-216c-4634-8067-98f04b87f8e9
2024-09-11 09:12:22.990409	2024-09-11 09:12:22.990422	plgnd	949647314	R	rec	f11c9b13-3f13-40ae-9ace-92b47773ba4e
2024-09-11 09:12:23.07188	2024-09-11 09:12:23.071893	plgnd	949641804	R	rec	5fce5165-a1c6-4961-ad7a-cb5f146c81f9
2024-09-11 09:12:23.196623	2024-09-11 09:12:23.196629	plgnd	94963218X	R	rec	8f3ab30b-6ade-47d0-bda5-25df15353590
2024-09-11 09:12:23.255979	2024-09-11 09:12:23.255984	plgnd	949632163	R	rec	02883ec7-8a32-41f0-954e-182433928a5e
2024-09-11 09:12:23.366283	2024-09-11 09:12:23.366288	plgnd	949632147	R	rec	1bd7f4d6-1e3a-4112-8c47-514d87097f3b
2024-09-11 09:12:23.413316	2024-09-11 09:12:23.413322	plgnd	949632120	R	rec	f6fbaf7e-dee6-4d50-a84e-9abdc87d6643
2024-09-11 09:12:23.461108	2024-09-11 09:12:23.461113	plgnd	949632104	R	rec	49c09e6a-8305-41e1-aaf1-1005677d2bc0
2024-09-11 09:12:23.508673	2024-09-11 09:12:23.508678	plgnd	949607266	R	rec	10581db2-8ccd-4f6b-ad21-11363511e447
2024-09-11 09:12:23.556577	2024-09-11 09:12:23.556583	plgnd	949602310	R	rec	064d1aaf-84d2-42b5-a2d7-d8458133d0db
2024-09-11 09:12:23.606442	2024-09-11 09:12:23.606447	plgnd	948791659	R	rec	5e7327d4-4d42-46aa-bc00-b4dc7c76b826
2024-09-11 09:12:23.656785	2024-09-11 09:12:23.65679	plgnd	948417226	R	rec	4ebb6912-c8d3-44e5-83a3-1012c1ce308a
2024-09-11 09:12:23.708462	2024-09-11 09:12:23.708467	plgnd	948322292	R	rec	d8caa970-4d1f-498e-aac2-4a52b42392a1
2024-09-11 09:12:23.757614	2024-09-11 09:12:23.757625	plgnd	948321156	R	rec	44b512ea-47f5-4e99-8374-d8275394d72c
2024-09-11 09:12:23.82171	2024-09-11 09:12:23.821762	plgnd	947976248	R	rec	53bcb5c8-bfc2-4361-94f4-9ad15c7eb2f8
2024-09-11 09:12:23.890685	2024-09-11 09:12:23.890697	plgnd	947862730	R	rec	18716df0-ef92-4eea-9dc7-c9bae3462622
2024-09-11 09:12:23.969866	2024-09-11 09:12:23.969872	plgnd	947589341	R	rec	e7a0e03a-b75c-4d42-a51c-d2b736599f0b
2024-09-11 09:12:24.040136	2024-09-11 09:12:24.040147	plgnd	947454802	R	rec	dfa7ae12-4572-467b-a7fe-8c59550490b1
2024-09-11 09:12:24.107175	2024-09-11 09:12:24.107185	plgnd	947454659	R	rec	2643ce45-6205-4cf7-993a-acd06121d787
2024-09-11 09:12:24.174618	2024-09-11 09:12:24.174629	plgnd	947421238	R	rec	d8fe726a-752f-48de-b3c7-4ec65eb6e848
2024-09-11 09:12:24.225178	2024-09-11 09:12:24.225183	plgnd	947026088	R	rec	e9475f91-72b4-48d8-a605-31c2acd405d1
2024-09-11 09:12:24.277238	2024-09-11 09:12:24.277249	plgnd	946723729	R	rec	4b020f0a-bd92-498a-9c72-3f70d360dc95
2024-09-11 09:12:24.342162	2024-09-11 09:12:24.342173	plgnd	946606161	R	rec	edf859a8-4575-46c2-86a1-227e2c9ce277
2024-09-11 09:12:24.42194	2024-09-11 09:12:24.42195	plgnd	945980132	R	rec	2e9edae4-a835-4289-91ba-11c24751a95a
2024-09-11 09:12:24.489954	2024-09-11 09:12:24.48996	plgnd	945917201	R	rec	441543a3-40fc-4362-a39c-bb8236f5d844
2024-09-11 09:12:24.556041	2024-09-11 09:12:24.556052	plgnd	945871678	R	rec	5d871e2c-bbec-44bb-9ec3-a523e59d1a53
2024-09-11 09:12:24.622805	2024-09-11 09:12:24.622816	plgnd	945385382	R	rec	73696b7f-e76b-4433-8d1c-4c919eeaffa2
2024-09-11 09:12:24.683322	2024-09-11 09:12:24.683327	plgnd	944766021	R	rec	195786f8-6bfb-4e3b-a183-43f31bd0e4ec
2024-09-11 09:12:24.736461	2024-09-11 09:12:24.736466	plgnd	944289290	R	rec	33f3b5b1-57ac-406f-9c4d-f354da8ccfb0
2024-09-11 09:12:24.798325	2024-09-11 09:12:24.798334	plgnd	94400718X	R	rec	903b52aa-d074-4888-89e3-8d48dc98f391
2024-09-11 09:12:24.855446	2024-09-11 09:12:24.855451	plgnd	943882346	R	rec	fe5ab569-e248-4d44-b3e6-bf1bd76c021b
2024-09-11 09:12:24.915774	2024-09-11 09:12:24.915784	plgnd	941847934	R	rec	e54d98df-bcc3-4073-8d2d-a8dffe935cd8
2024-09-11 09:12:24.983264	2024-09-11 09:12:24.983274	plgnd	941808769	R	rec	658b6d7e-49e5-453d-b979-0f2fce6a80bb
2024-09-11 09:12:25.052418	2024-09-11 09:12:25.052428	plgnd	941757471	R	rec	d17f1995-9d9a-4895-9f26-90b6c59db503
2024-09-11 09:12:25.1176	2024-09-11 09:12:25.117611	plgnd	941385175	R	rec	8573dc5d-5f53-40ad-b557-0f948cacb389
2024-09-11 09:12:25.184727	2024-09-11 09:12:25.184733	plgnd	940396068	R	rec	f02bd287-e329-4cf2-b243-5c0de61677cd
2024-09-11 09:12:25.23445	2024-09-11 09:12:25.234455	plgnd	940396009	R	rec	41e3b0c6-9cf7-461b-9d3c-c767e3b55d00
2024-09-11 09:12:25.323251	2024-09-11 09:12:25.323262	plgnd	199305404	R	rec	4c29ff7e-e736-4dc9-adb8-9e9645ef586b
2024-09-11 09:12:25.393755	2024-09-11 09:12:25.393765	plgnd	199252149	R	rec	9f268f59-e11a-40be-9482-c3e8e70f9dd4
2024-09-11 09:12:25.458339	2024-09-11 09:12:25.458351	plgnd	199248974	R	rec	827fdb52-28e4-49a1-8d25-3efdd13ee6a5
2024-09-11 09:12:25.53536	2024-09-11 09:12:25.53537	plgnd	199246815	R	rec	03db28f3-cd8c-41ea-8489-a0f1040b3cb2
2024-09-11 09:12:25.602679	2024-09-11 09:12:25.60269	plgnd	199246793	R	rec	b64b93e3-f888-4cd2-932c-3669431975cd
2024-09-11 09:12:25.678107	2024-09-11 09:12:25.678118	plgnd	199246211	R	rec	033d5794-2ce9-4915-a4ea-3bf1c198f06f
2024-09-11 09:12:25.749864	2024-09-11 09:12:25.749871	plgnd	199244766	R	rec	7a63a6bd-679f-4a3b-adc6-96932438fb81
2024-09-11 09:12:25.826907	2024-09-11 09:12:25.826918	plgnd	19924474X	R	rec	5e2cc67f-dac5-4cd3-9d3e-42dac72bfcd5
2024-09-11 09:12:25.899803	2024-09-11 09:12:25.899816	plgnd	199244731	R	rec	89f31f9d-8f07-4405-8855-fa88a8f34748
2024-09-11 09:12:25.971066	2024-09-11 09:12:25.971071	plgnd	199244375	R	rec	47884942-4e1c-49d3-b73a-f454d111c82d
2024-09-11 09:12:26.035651	2024-09-11 09:12:26.035656	plgnd	199241562	R	rec	e3003448-311e-407f-b4ac-5f1271976cef
2024-09-11 09:12:26.113013	2024-09-11 09:12:26.113018	plgnd	199240590	R	rec	7c749cb8-f24b-4de1-b231-a2597d6991c8
2024-09-11 09:12:26.182114	2024-09-11 09:12:26.182125	plgnd	199240515	R	rec	a638df4f-cbf9-4302-83fa-07d1e9b6cf30
2024-09-11 09:12:26.232325	2024-09-11 09:12:26.23233	plgnd	199239436	R	rec	49cb4cea-e8ac-4159-b910-1bb63d776b92
2024-09-11 09:12:26.294564	2024-09-11 09:12:26.294575	plgnd	19923860X	R	rec	5bd025b8-37c5-4524-bc23-5505fb00c61e
2024-09-11 09:12:26.363386	2024-09-11 09:12:26.363391	plgnd	199231516	R	rec	da6d4361-16ea-4f0f-a964-e89e505be2d2
2024-09-11 09:12:26.423703	2024-09-11 09:12:26.423709	plgnd	199230811	R	rec	9ef2f161-8633-4cd0-92a1-e0cd286953d4
2024-09-11 09:12:26.491941	2024-09-11 09:12:26.491946	plgnd	199230285	R	rec	2dc8acdc-e088-4f10-909c-38084ae5bd26
2024-09-11 09:12:26.570931	2024-09-11 09:12:26.570942	plgnd	199224196	R	rec	a7e12a32-2025-4037-a4a6-fc9103cb2b14
2024-09-11 09:12:26.654757	2024-09-11 09:12:26.654796	plgnd	199218315	R	rec	b3c013dc-a6fc-48c9-9147-03e4a3708d6b
2024-09-11 09:12:26.714302	2024-09-11 09:12:26.714307	plgnd	199215901	R	rec	ab8b6308-1021-46af-aedc-899cfb8ddaac
2024-09-11 09:12:26.778489	2024-09-11 09:12:26.778494	plgnd	199214700	R	rec	4acacdd3-8ffa-4e13-9d7a-7e201997c695
2024-09-11 09:12:26.856492	2024-09-11 09:12:26.856503	plgnd	19921462X	R	rec	582b660d-0617-43a0-8178-0f9a844ee629
2024-09-11 09:12:26.938427	2024-09-11 09:12:26.938437	plgnd	199212007	R	rec	97074cf7-ad83-41cd-80b8-67f1e598ce5a
2024-09-11 09:12:27.029719	2024-09-11 09:12:27.029724	plgnd	199211817	R	rec	c6a1a31f-e517-46ae-81e5-9dd7669290ac
2024-09-11 09:12:27.098946	2024-09-11 09:12:27.098951	plgnd	199210713	R	rec	d68f8889-00a5-4aa8-8522-7d1dc99a398a
2024-09-11 09:12:27.169813	2024-09-11 09:12:27.169825	plgnd	199209464	R	rec	7ab368ed-98f6-4520-b74f-89383362554e
2024-09-11 09:12:27.22594	2024-09-11 09:12:27.225946	plgnd	199200955	R	rec	9e5bfd7a-83aa-455f-9faa-5636ad28bc3b
2024-09-11 09:12:27.276932	2024-09-11 09:12:27.276942	plgnd	199198578	R	rec	dad9f340-4dc6-4cb1-9077-3f590714fe84
2024-09-11 09:12:27.342255	2024-09-11 09:12:27.342261	plgnd	199195978	R	rec	17167ab9-9b4d-4b1f-9eef-35cc0682f136
2024-09-11 09:12:27.410923	2024-09-11 09:12:27.410928	plgnd	19919596X	R	rec	1a85605a-2be5-49a2-b40b-910cf0348894
2024-09-11 09:12:27.479862	2024-09-11 09:12:27.479867	plgnd	199189870	R	rec	494ebd39-20a6-4d32-9d22-8779ec7b1052
2024-09-11 09:12:27.562285	2024-09-11 09:12:27.562295	plgnd	199189862	R	rec	5f518e51-1f3e-4a07-ae0a-5e1542a39c88
2024-09-11 09:12:27.638406	2024-09-11 09:12:27.638417	plgnd	199189854	R	rec	036196cc-4395-4e94-b279-a683bcdfffdb
2024-09-11 09:12:27.708044	2024-09-11 09:12:27.708048	plgnd	199189846	R	rec	3f70380c-2fa0-4a94-9543-4e332e23181c
2024-09-11 09:12:27.759623	2024-09-11 09:12:27.759628	plgnd	199187282	R	rec	677d564b-6dcf-4ac5-9a0d-b12e98115e0d
2024-09-11 09:12:27.823795	2024-09-11 09:12:27.823801	plgnd	199181993	R	rec	2af324f1-69a8-4d5b-970a-9f59b5134980
2024-09-11 09:12:27.887266	2024-09-11 09:12:27.887271	plgnd	199173672	R	rec	72eb9f00-36aa-418b-84aa-d60408bc4ef1
2024-09-11 09:12:27.950847	2024-09-11 09:12:27.950859	plgnd	19917332X	R	rec	aeb0e572-4457-4493-a519-d632156f694c
2024-09-11 09:12:28.019025	2024-09-11 09:12:28.019037	plgnd	199168512	R	rec	64d6c91f-d2be-485a-92ae-6a47fc61ff55
2024-09-11 09:12:28.079023	2024-09-11 09:12:28.079029	plgnd	199164347	R	rec	90c50fd8-7bda-4ef2-ab9a-09a52e877add
2024-09-11 09:12:28.154513	2024-09-11 09:12:28.154525	plgnd	19916035X	R	rec	55203e37-eebc-48bf-b900-dacac8985750
2024-09-11 09:12:28.218484	2024-09-11 09:12:28.218495	plgnd	199159998	R	rec	c2d3e153-85a3-4f0c-8d71-c9935800ce74
2024-09-11 09:12:28.306695	2024-09-11 09:12:28.306706	plgnd	199159882	R	rec	dad2fded-863b-4d6e-998e-9b23e00942df
2024-09-11 09:12:28.378371	2024-09-11 09:12:28.378383	plgnd	199159777	R	rec	616f7f26-8d9f-4e4c-8838-5b61a0c1c40b
2024-09-11 09:12:28.443414	2024-09-11 09:12:28.443419	plgnd	199157642	R	rec	5a34054c-f78f-4a1a-9e67-19101bd6877d
2024-09-11 09:12:28.497884	2024-09-11 09:12:28.49789	plgnd	199147760	R	rec	b0c8d9b5-be71-4b1b-be61-22834aa33664
2024-09-11 09:12:28.56268	2024-09-11 09:12:28.562686	plgnd	199138834	R	rec	ee66104a-c94b-4eff-a5e7-1e2c22cd4150
2024-09-11 09:12:28.62506	2024-09-11 09:12:28.625071	plgnd	199136637	R	rec	0f279df4-bcb8-4143-89a0-50de5397f793
2024-09-11 09:12:28.689504	2024-09-11 09:12:28.689509	plgnd	199118167	R	rec	e341650c-2b7b-4e3c-a67f-53d0bdb4ae08
2024-09-11 09:12:28.740615	2024-09-11 09:12:28.74062	plgnd	199089973	R	rec	394f6d1b-5776-4b17-95b8-64e039148cee
2024-09-11 09:12:28.79419	2024-09-11 09:12:28.794195	plgnd	199077177	R	rec	9efc5e98-e19f-416f-9275-8579f853d546
2024-09-11 09:12:28.861991	2024-09-11 09:12:28.862019	plgnd	199023786	R	rec	7520aaa0-ec57-4fc9-a47a-c1b8198da089
2024-09-11 09:12:28.93613	2024-09-11 09:12:28.936134	plgnd	199023360	R	rec	993bceda-a315-40d9-bf10-899ee18b4da9
2024-09-11 09:12:28.998991	2024-09-11 09:12:28.998996	plgnd	199022534	R	rec	54e19c9c-5113-46da-9208-fd64c66f19e6
2024-09-11 09:12:29.072946	2024-09-11 09:12:29.072957	plgnd	199013594	R	rec	e75f357f-af1c-43b5-9f47-b3e288640789
2024-09-11 09:12:29.139543	2024-09-11 09:12:29.139555	plgnd	199013276	R	rec	52c87ac0-a30c-457a-9e52-a45787be9726
2024-09-11 09:12:29.213794	2024-09-11 09:12:29.213798	plgnd	199011249	R	rec	d34640f5-342f-4e82-85fd-5260f2461033
2024-09-11 09:12:29.278575	2024-09-11 09:12:29.278581	plgnd	199003645	R	rec	af7cab3f-0314-4038-bc4e-7088e1646d69
2024-09-11 09:12:29.345725	2024-09-11 09:12:29.345738	plgnd	199002894	R	rec	7644380d-0f42-477b-acec-e7cc5b8e0b58
2024-09-11 09:12:29.415161	2024-09-11 09:12:29.415172	plgnd	199001111	R	rec	11dd17b7-575d-40b0-87d9-5c25b4ade7f8
2024-09-11 09:12:29.487014	2024-09-11 09:12:29.487019	plgnd	199000328	R	rec	d33aeb46-b3cc-4a77-b2b7-2da9a9a1c088
2024-09-11 09:12:29.571329	2024-09-11 09:12:29.571339	plgnd	199000239	R	rec	4f0c2e50-f808-4566-81e0-32cf83b2edb0
2024-09-11 09:12:29.675344	2024-09-11 09:12:29.675355	plgnd	050551604	R	rec	7c44d392-b3ac-4836-9737-a5efed349bef
2024-09-11 09:12:29.732381	2024-09-11 09:12:29.732386	plgnd	050133039	R	rec	f6d389f5-136f-4984-bad3-9353a2d7b7b4
2024-09-11 09:12:29.787035	2024-09-11 09:12:29.787047	plgnd	050039350	R	rec	d8d73a2a-1968-41a2-a32b-1f55e534305b
2024-09-11 09:12:29.857593	2024-09-11 09:12:29.857605	plgnd	043244793	R	rec	0cb0252b-d19f-4b02-9c6a-693fe081f36a
2024-09-11 09:12:29.92973	2024-09-11 09:12:29.929735	plgnd	043225608	R	rec	ac687b2e-2c9e-4e61-8983-bf364900136f
2024-09-11 09:12:30.004746	2024-09-11 09:12:30.004751	plgnd	043151019	R	rec	4cba7eef-cc24-4068-93b3-aa940c1a2a51
2024-09-11 09:12:30.08181	2024-09-11 09:12:30.081816	plgnd	043138764	R	rec	ae4b2f8e-988b-431b-a7c4-256347f557eb
2024-09-11 09:12:30.15209	2024-09-11 09:12:30.152103	plgnd	042976200	R	rec	f3bd0e24-c1dc-4f1a-b65f-1a67d07b8514
2024-09-11 09:12:30.228457	2024-09-11 09:12:30.228463	plgnd	042939550	R	rec	06cb2051-3009-4211-aae2-f9635a9f46cb
2024-09-11 09:12:30.301043	2024-09-11 09:12:30.301048	plgnd	042939526	R	rec	9fc1d5c0-cb55-4682-8892-11e1e61d9015
2024-09-11 09:12:30.375351	2024-09-11 09:12:30.375363	plgnd	042788714	R	rec	09143e01-9b48-4fca-921e-5e2ac6d9f77b
2024-09-11 09:12:30.451537	2024-09-11 09:12:30.451547	plgnd	042778352	R	rec	020f5113-e4d6-4222-8c3e-1496033ce5fc
2024-09-11 09:12:30.529814	2024-09-11 09:12:30.529819	plgnd	042627494	R	rec	3f3e25f1-23ce-4e98-8348-700043dff308
2024-09-11 09:12:30.601436	2024-09-11 09:12:30.601441	plgnd	042602564	R	rec	8023b311-149e-479d-b92d-8615fa05b2eb
2024-09-11 09:12:30.676838	2024-09-11 09:12:30.67685	plgnd	042567874	R	rec	084eff78-869f-41e5-8810-11483c5b9e77
2024-09-11 09:12:30.738848	2024-09-11 09:12:30.738859	plgnd	042553628	R	rec	1c40668e-315d-45ce-b540-0c1ca8e985e7
2024-09-11 09:12:30.808694	2024-09-11 09:12:30.8087	plgnd	042492777	R	rec	a06eae99-1a90-452b-a87e-0214a492cda0
2024-09-11 09:12:30.89476	2024-09-11 09:12:30.894772	plgnd	042490448	R	rec	6388ab0a-0496-40b7-8a81-1eebabce9e39
2024-09-11 09:12:30.973365	2024-09-11 09:12:30.973371	plgnd	042477247	R	rec	b2e1fcf2-6a65-43b9-ae3c-8336af7ff8a6
2024-09-11 09:12:31.043887	2024-09-11 09:12:31.043892	plgnd	042400228	R	rec	d3880908-9c94-4f2f-bc7b-662736a6d6b1
2024-09-11 09:12:31.133747	2024-09-11 09:12:31.133757	plgnd	042387175	R	rec	917beaf2-1107-4d48-b2bc-620d4b114c8c
2024-09-11 09:12:31.201767	2024-09-11 09:12:31.201773	plgnd	042299004	R	rec	16a15531-9bc7-4751-bb0a-ab43557eb2cf
2024-09-11 09:12:31.255152	2024-09-11 09:12:31.255157	plgnd	042260213	R	rec	d5c03054-2f57-491c-8ea7-e9f4a39f9298
2024-09-11 09:12:31.325826	2024-09-11 09:12:31.325832	plgnd	042244943	R	rec	a304a643-7da0-41a1-b658-9577eb7bd34a
2024-09-11 09:12:31.39281	2024-09-11 09:12:31.392822	plgnd	042236037	R	rec	36b59525-fc4b-4b42-9d3a-e9fe2ae1ace5
2024-09-11 09:12:31.461316	2024-09-11 09:12:31.461321	plgnd	042209927	R	rec	a8b4cbd4-7108-4479-876f-5edb3c3c7632
2024-09-11 09:12:31.53001	2024-09-11 09:12:31.530022	plgnd	042005450	R	rec	1ce84700-06f8-4935-b31d-85efe85e6aec
2024-09-11 09:12:31.607615	2024-09-11 09:12:31.607621	plgnd	041401174	R	rec	97e619d0-b8df-4ffe-b62c-c07132efdb03
2024-09-11 09:12:31.678642	2024-09-11 09:12:31.678648	plgnd	041370538	R	rec	0cf5b453-6784-42ec-861c-7de39d9a8f2a
2024-09-11 09:12:31.731582	2024-09-11 09:12:31.731586	plgnd	041194152	R	rec	4af0de28-df4c-477d-88ee-230a8e7f938f
2024-09-11 09:12:31.797317	2024-09-11 09:12:31.797322	plgnd	041192443	R	rec	513a7587-9b8d-457e-b37f-26d1c3bd525a
2024-09-11 09:12:31.859183	2024-09-11 09:12:31.859193	plgnd	041167163	R	rec	0dd4dd78-0489-4683-bcd4-65d746f58548
2024-09-11 09:12:31.931976	2024-09-11 09:12:31.931987	plgnd	041154282	R	rec	b8c30355-d964-402c-b8cf-55865c6bb4ea
2024-09-11 09:12:32.005377	2024-09-11 09:12:32.005382	plgnd	041112504	R	rec	ee1c9ccd-438e-4371-8945-0f8a5831dbc1
2024-09-11 09:12:32.071406	2024-09-11 09:12:32.07142	plgnd	041087828	R	rec	104e57df-a6bc-44cf-be5e-d1d1916504da
2024-09-11 09:12:32.141139	2024-09-11 09:12:32.141144	plgnd	041084675	R	rec	b397288b-130a-4e61-bd6d-84852d754262
2024-09-11 09:12:32.217096	2024-09-11 09:12:32.2171	plgnd	041063368	R	rec	2c03e7bf-d657-402c-8224-fd44ca14eddc
2024-09-11 09:12:32.28409	2024-09-11 09:12:32.284101	plgnd	04106125X	R	rec	8a41645a-efaf-4aba-839a-0da0075e7659
2024-09-11 09:12:32.353846	2024-09-11 09:12:32.353851	plgnd	041058445	R	rec	bee75414-b2bf-4b4e-b872-c18140231ab8
2024-09-11 09:12:32.423804	2024-09-11 09:12:32.423817	plgnd	041011848	R	rec	4196cc0f-2688-4c6d-ba97-ef325e6d9ac0
2024-09-11 09:12:32.493885	2024-09-11 09:12:32.493898	plgnd	040994716	R	rec	b57b0b5e-6034-4dd0-ad1d-b8638abe603c
2024-09-11 09:12:32.576138	2024-09-11 09:12:32.576143	plgnd	040967689	R	rec	e56f453f-bdaf-42a5-a3b4-432bb505b235
2024-09-11 09:12:32.646952	2024-09-11 09:12:32.646963	plgnd	040957977	R	rec	ae439a9b-bfe2-4e7a-9e9a-52a1681bf0aa
2024-09-11 09:12:32.720883	2024-09-11 09:12:32.720888	plgnd	040956075	R	rec	74c70668-9b6a-4095-92f9-b8dea620c916
2024-09-11 09:12:32.78242	2024-09-11 09:12:32.782426	plgnd	040952789	R	rec	81eff8ab-cc69-440c-914f-fea057282972
2024-09-11 09:12:32.84529	2024-09-11 09:12:32.845302	plgnd	040912833	R	rec	8f3a950a-20d7-4155-ac60-e3e35ef3e50c
2024-09-11 09:12:32.925539	2024-09-11 09:12:32.925549	plgnd	040873862	R	rec	debd6908-78b2-4137-ab29-e465b5bda7f8
2024-09-11 09:12:32.997719	2024-09-11 09:12:32.9978	plgnd	040865622	R	rec	fee7ab96-b202-44b8-9d78-776863ae84d7
2024-09-11 09:12:33.066705	2024-09-11 09:12:33.066715	plgnd	040805905	R	rec	1f2b8dae-c2f6-4d24-9884-30913aa19847
2024-09-11 09:12:33.136412	2024-09-11 09:12:33.136429	plgnd	040802558	R	rec	de53a281-09ab-4d8f-a3e6-dd5ded91dfeb
2024-09-11 09:12:33.210105	2024-09-11 09:12:33.210109	plgnd	040794903	R	rec	72c43256-976e-484d-9fe4-e24960444857
2024-09-11 09:12:33.284775	2024-09-11 09:12:33.28478	plgnd	040768996	R	rec	e4907ada-de55-4988-8bb2-516603153431
2024-09-11 09:12:33.365421	2024-09-11 09:12:33.365426	plgnd	040754766	R	rec	aec95a24-5be2-4039-9b1e-d2115fa9ff48
2024-09-11 09:12:33.435763	2024-09-11 09:12:33.435774	plgnd	040738582	R	rec	498bd61b-aa85-4a95-83cd-b0b54abd9425
2024-09-11 09:12:33.508886	2024-09-11 09:12:33.508892	plgnd	040693309	R	rec	680827fd-7c72-44eb-817b-c02a0c4e182f
2024-09-11 09:12:33.575476	2024-09-11 09:12:33.575481	plgnd	040680223	R	rec	9a244df7-af64-41b5-9d1e-10695c47b3f5
2024-09-11 09:12:33.650611	2024-09-11 09:12:33.650617	plgnd	040657752	R	rec	00c887e0-41d2-458e-ad63-b05383be3e46
2024-09-11 09:12:33.721368	2024-09-11 09:12:33.721374	plgnd	04062501X	R	rec	e2fa7bab-2854-459c-9261-4751b5dea141
2024-09-11 09:12:33.775365	2024-09-11 09:12:33.77537	plgnd	040604853	R	rec	0bca507d-ee3f-4b0d-8e1f-9d1c57d9ff22
2024-09-11 09:12:33.840702	2024-09-11 09:12:33.840714	plgnd	04060151X	R	rec	eda1bab2-4d51-4cf5-9b2b-d9fa8ee0b6ac
2024-09-11 09:12:33.918224	2024-09-11 09:12:33.918235	plgnd	040594084	R	rec	569302bc-9dc8-4bf0-b00a-9b322787770d
2024-09-11 09:12:33.992823	2024-09-11 09:12:33.992839	plgnd	04057749X	R	rec	4fe30ac9-cf7e-4b85-86b7-eeb47fa95261
2024-09-11 09:12:34.093328	2024-09-11 09:12:34.093334	plgnd	040516687	R	rec	861c22d5-c25b-483b-bc0c-d4d6a1f02a1d
2024-09-11 09:12:34.155925	2024-09-11 09:12:34.155935	plgnd	040425134	R	rec	1a04f709-90d2-4b26-ba91-20a38b36a2e3
2024-09-11 09:12:34.22448	2024-09-11 09:12:34.224486	plgnd	04041146X	R	rec	fd6fef21-e17d-413f-8bb9-b97888694f31
2024-09-11 09:12:34.285626	2024-09-11 09:12:34.285636	plgnd	040376044	R	rec	b4028454-1a4e-430a-b123-db5942e3d210
2024-09-11 09:12:34.351661	2024-09-11 09:12:34.351672	plgnd	04037372X	R	rec	cd76581f-5622-4e98-92d6-7a90835ec19a
2024-09-11 09:12:34.420412	2024-09-11 09:12:34.420422	plgnd	040368114	R	rec	110c6cb5-6ddf-4dcb-b8e8-65a5d4ca96a2
2024-09-11 09:12:34.48594	2024-09-11 09:12:34.485951	plgnd	040357422	R	rec	bbb01eb7-7075-4d3b-a162-a5b8ab7efa0c
2024-09-11 09:12:34.559622	2024-09-11 09:12:34.559634	plgnd	040346919	R	rec	a1ac9151-a135-454b-82da-db63792aafb3
2024-09-11 09:12:34.630069	2024-09-11 09:12:34.630079	plgnd	040304817	R	rec	9fb38a9f-9f03-4797-9e72-189045265461
2024-09-11 09:12:34.701818	2024-09-11 09:12:34.701824	plgnd	040296377	R	rec	277a6a73-a13f-4a47-a3c5-06e47bc58cfe
2024-09-11 09:12:34.769225	2024-09-11 09:12:34.769235	plgnd	040288099	R	rec	847f9b99-e48a-40ea-b500-4a06cd9995a0
2024-09-11 09:12:34.84222	2024-09-11 09:12:34.842231	plgnd	04024010X	R	rec	ae3bf24a-8eec-4d93-a858-24d972371019
2024-09-11 09:12:34.924116	2024-09-11 09:12:34.924123	plgnd	040183408	R	rec	048d595a-1af0-4149-bce4-af03da42f51b
2024-09-11 09:12:34.992496	2024-09-11 09:12:34.992508	plgnd	040093417	R	rec	b153ebac-ac69-4d4a-a767-28f4949428fd
2024-09-11 09:12:35.056761	2024-09-11 09:12:35.056773	plgnd	04009300X	R	rec	bf1957cd-7888-43dd-b04b-2062e9011eda
2024-09-11 09:12:35.1205	2024-09-11 09:12:35.120511	plgnd	040055744	R	rec	e30bc396-192c-4a60-bdd7-c4a57f36b6b4
2024-09-11 09:12:35.19302	2024-09-11 09:12:35.193316	plgnd	040024024	R	rec	1aa2290d-a60b-4b8f-8c54-6ff67f38a6b9
2024-09-11 09:12:35.250908	2024-09-11 09:12:35.250914	plgnd	030141605	R	rec	3214f535-4926-410a-b649-1bf388a6ec0e
2024-09-11 09:12:35.31487	2024-09-11 09:12:35.314881	plgnd	030125898	R	rec	de0acd21-3752-4aeb-a0fa-923eacd8feb2
2024-09-11 09:12:35.387901	2024-09-11 09:12:35.387906	plgnd	030089050	R	rec	5859693f-dab6-4f03-bb1c-4d5d02afbc7d
2024-09-11 09:12:35.463932	2024-09-11 09:12:35.463943	plgnd	007749023	R	rec	1df017bb-c714-4d5d-a11e-0a66aff848e6
2024-09-11 09:12:35.532578	2024-09-11 09:12:35.532589	plgnd	004280768	R	rec	8c42a4f4-9ccb-4005-9429-bca34068b879
2024-09-11 09:12:35.602893	2024-09-11 09:12:35.602904	plgnd	004205731	R	rec	94863676-8899-46c0-851e-ebe45ac5d6a0
2024-09-11 09:12:35.674589	2024-09-11 09:12:35.674596	plgnd	002631628	R	rec	67440180-5102-4a01-86f7-e1fd4041b8dd
2024-09-11 09:12:35.724983	2024-09-11 09:12:35.724988	plgnd	001101536	R	rec	a9aa3d10-ad3c-4f1a-9c39-3c31074f70ee
2024-09-11 09:12:35.782307	2024-09-11 09:12:35.78232	plgnd	000347078	R	rec	57d28b89-3d13-44d6-9025-54d8e4d119f3
